RA,DEC
0.01471336,20.15233973
0.12115977,33.93707328
0.34406573,2.7998524
0.41483211,2.64957762
0.47801528,2.75714923
0.57205116,26.71705262
0.62842794,33.33833923
0.664713,31.54560908
0.75450983,33.26875606
0.83437173,32.76335158
0.87961513,19.20939972
0.94199071,31.87136502
0.95564266,23.78214543
0.95592106,27.31408831
1.03331187,30.74625658
1.12755718,-0.59913211
1.29077835,25.67027969
1.31085566,9.79832424
1.35583559,19.16951491
1.40391238,-0.50335145
1.43293681,18.60773434
1.55495735,25.31652642
1.58062817,19.62298585
1.6072458,28.39427472
1.91957877,35.92964349
10.12203921,-0.95005203
10.2040162,30.99468883
10.41931373,-1.17917522
10.44889852,28.12925197
10.84222849,0.47880237
10.85140933,33.6084944
10.96106597,21.74317944
100.84773173,36.20653907
100.86419069,-0.38356255
100.97469514,0.50563592
101.22609532,-0.85490114
101.54512763,-0.70403848
102.3102123,37.23297751
103.20688464,16.98239686
103.27593455,17.226711
105.33662362,12.14157034
106.86154454,12.66824431
109.53159567,-0.42134166
109.62270181,1.00195721
109.67006277,1.28922645
109.73172621,-0.40956164
109.73766389,0.55752779
109.75381511,0.42060804
109.84589545,-0.27484909
109.94884361,-0.3486597
11.07794116,30.15824814
11.14709655,-1.20398579
11.15302377,28.10684851
11.17243732,18.94416355
11.41006364,23.92679204
11.50661106,25.12240575
11.55024708,25.09682686
11.55800259,24.75297565
11.77491912,35.76192304
11.89820446,26.8896586
11.98666539,23.1319831
110.18833364,0.49804849
110.24645369,1.36487181
110.24749478,40.99863999
110.25178906,-0.40855161
110.26476461,1.36921089
110.26842108,-0.44481866
110.56341131,0.53653609
110.59355748,0.13735613
110.61854393,-0.36001186
110.64508125,-0.39571023
110.73099408,-0.6996865
110.85977802,0.10701425
110.88432255,39.5371009
110.90996247,0.41780677
111.20483662,39.41618847
111.29389948,40.74246394
111.57799971,41.34840618
112.16498921,43.65252993
112.80967183,24.40916611
112.81099964,36.45941005
112.90485213,21.20044489
112.99235734,29.5706938
113.07818614,40.82800433
113.23344391,25.12466933
113.29987405,45.84724108
113.3253484,45.4494342
113.34499241,44.20898859
113.35048034,34.60271196
113.55729782,17.05185676
113.60237278,40.91882846
113.65362585,16.32458441
113.76978921,44.47354637
113.79514782,40.69065252
114.17720105,17.86719476
114.27340245,45.71957483
114.73634275,33.61919881
114.85282507,27.06305055
114.90079758,18.78672235
114.92886486,17.86987914
114.94674526,36.3534155
115.23890078,46.10093731
115.37073024,22.53912362
115.50251541,38.29668308
115.51268303,41.70398673
115.61934162,40.13359848
115.73927075,18.29860509
116.11217055,42.19477996
116.11538332,42.42083712
116.13379089,36.01855211
116.29387834,49.47346231
116.33483163,25.01653644
116.41061064,32.26634549
116.4255403,29.78565346
116.58443571,23.04435381
116.60361407,22.54745788
116.6941935,22.84492943
116.70414906,22.80840048
116.80008106,22.63419701
116.93178899,17.487421
116.98806964,36.65042885
117.01636981,22.79885479
117.05235674,48.18017492
117.17627331,42.01065714
117.17680339,22.09012231
117.19288741,23.25243283
117.27816475,24.13895119
117.28558602,41.56668827
117.40219889,21.88182214
117.45480055,25.29358284
117.52198832,21.95009698
117.55468787,22.7421398
117.61126564,23.59499861
117.6329636,45.02925268
117.63356893,23.76719129
117.63631311,23.39794204
117.66524161,23.79248021
117.6944641,24.32143245
117.70675826,21.86721805
117.707742,22.79680501
117.71782222,24.44433356
117.74053906,23.82976742
117.75708294,24.09983781
117.77690505,21.96583902
117.7855148,22.14279771
117.79051152,41.83439132
117.7940369,23.67907489
117.84558691,22.48217066
117.85839689,23.01281594
117.86087826,28.75911121
117.86454465,23.42068019
117.86968024,26.41567853
117.89499496,22.81515939
117.89945599,41.81941153
117.90308139,24.3708037
117.9463808,22.3439653
117.97247002,23.76956311
117.98224037,21.88389417
118.04822577,23.00321208
118.05194443,14.01965117
118.11737226,22.38236953
118.13219334,22.22964177
118.13256367,22.08761391
118.15097735,23.52330473
118.22606561,28.57526571
118.32564392,22.52164233
118.35141261,22.91112507
118.36798242,23.90281783
118.37691531,22.63398257
118.37867897,22.58655572
118.38904081,22.74938691
118.39093708,22.02182966
118.51550458,53.39564927
118.5603422,23.55778138
118.57984491,24.20109051
118.58523894,22.8455981
118.60586857,-0.25290045
118.62643688,24.33023488
118.62983083,48.74648789
118.63892363,23.81260821
118.6433392,-0.17568911
118.71646796,-0.39254973
118.73648408,23.18870325
118.74545176,22.04486289
118.81086228,51.03838584
118.85588805,28.11211961
118.87883388,22.80501261
118.88818293,22.61137508
118.94314107,23.3475202
118.9622791,-0.45329943
118.97260032,30.49410587
119.02150756,22.28861208
119.03415845,53.18853581
119.06188067,-0.01918704
119.16802969,0.01925828
119.17936515,30.70586718
119.18971346,23.17926499
119.21415886,22.85470498
119.30168153,6.30658182
119.30591884,42.73376432
119.30910245,36.65504103
119.31625938,23.68386986
119.4547613,-0.20034219
119.46812901,40.11284236
119.48509598,1.06861897
119.64825266,1.08859229
119.6645289,42.75525255
119.70816222,-0.75860297
119.74000081,0.92985971
119.81105278,-0.45055168
119.8325106,-0.59490967
119.90211302,-0.53396908
119.90681547,0.20158422
119.91865838,-0.32767954
119.95500601,-0.30885027
119.97868265,0.58829683
119.99572374,-0.48194909
119.99729722,1.29561887
12.00804494,0.06439644
12.01163641,28.43881125
12.19837305,1.92881578
12.35887709,-0.72802509
12.62061159,9.16063575
12.74330152,17.99905373
12.85334602,-0.93001756
120.01474171,27.88925352
120.01958898,0.3495844
120.01972374,-1.03721092
120.07918927,-0.43527557
120.08464701,41.59583968
120.08915403,46.19037785
120.09684626,0.80572585
120.10822133,50.75037148
120.11270997,-0.400425
120.11801905,-0.59007375
120.12678316,46.93930662
120.1290105,-0.56541289
120.16308017,45.77840292
120.18413064,51.73246866
120.18533602,51.13534285
120.19498698,1.33923173
120.29136197,-1.04244973
120.32588069,-0.29094037
120.42715299,0.13403589
120.42833144,-0.45657385
120.43363305,0.56700037
120.43463559,45.06313301
120.48098644,55.66835726
120.54290764,-0.32466512
120.54845952,41.96887595
120.55240981,-0.37574383
120.60849847,0.70726076
120.61703996,6.44152204
120.64212348,1.00272472
120.69577887,0.1698458
120.70197752,48.64083295
120.71034418,-0.29325578
120.82102716,0.97674888
120.90231956,50.24694088
120.97464225,-0.40953254
120.99861637,45.69633905
121.00313576,-0.46836367
121.02514265,-0.45091309
121.08907866,0.41138752
121.13570091,-0.75254106
121.16153032,42.85158511
121.17930127,44.35028199
121.18748005,0.88450738
121.20252791,-0.02992065
121.20746386,0.32146219
121.2547762,37.9529797
121.32913156,0.02540318
121.34757365,12.39461705
121.35118561,53.9398126
121.3590017,-0.21596905
121.37077756,32.43102787
121.38368414,48.35868397
121.40174712,-0.35952471
121.43176913,0.26587738
121.54337794,25.29974687
121.55220335,42.1610851
121.71653904,47.34408811
121.82968671,47.24896217
121.84542068,52.35349724
121.86524372,46.04950338
121.97142583,46.73716916
121.99446699,54.92150461
121.9996496,48.72178204
122.04461488,45.163682
122.09466424,-8.08282216
122.32040285,52.55245676
122.40067664,-7.93547628
122.53910979,49.77551269
122.61899448,52.16433878
122.64609152,47.2439221
122.71929778,27.41941555
122.75837853,45.84689005
122.87070931,46.42359347
122.88428072,46.99940581
123.13309902,28.25749838
123.14848643,47.20445329
123.3156402,57.08823632
123.39548136,30.92424582
123.43250268,29.83086381
123.51690285,-8.32311323
123.51872836,46.94199436
123.58500337,51.02667067
123.64897779,-7.93421594
123.70181036,24.928138
123.72757639,2.09823848
123.8614137,47.81520897
123.87526727,-7.56488773
123.99719061,50.57067211
124.06221659,46.95755517
124.28527068,51.7632833
124.28548308,50.99015597
124.366569,49.44498609
124.39605482,48.29792586
124.45668906,52.28495237
124.58793396,47.603886
124.70627127,14.2266727
124.78457114,37.4229727
124.79287792,55.01049388
125.05166035,4.25610101
125.06540932,48.33693862
125.09014705,38.48163146
125.09955922,47.82552012
125.11195312,52.53749429
125.37139153,35.39047833
125.49391399,66.74555428
125.5758353,51.71164303
125.62214252,49.44472795
125.64411275,42.7750429
125.75026349,47.88428918
125.96874007,49.44711245
126.02110518,54.91750933
126.03602983,56.2418429
126.29740989,52.09130117
126.34600391,52.83925613
126.46694218,55.48403675
126.46910266,46.35165311
126.57888056,52.11588982
126.81617335,9.04819354
126.82541846,20.05906021
126.85818973,6.07352124
127.04154973,26.48104011
127.08774586,9.20049041
127.22939357,50.76640024
127.33347277,56.97761386
127.46296957,21.7969749
127.79272305,50.93837842
127.83598887,36.94362567
128.06966319,50.59005913
128.07086553,52.52187604
128.12032689,16.56147136
128.36148514,9.85124963
128.56692536,-0.06102877
128.59593235,50.80491556
128.74411665,0.04421917
128.82840122,51.67969572
128.84530872,0.51209026
128.86483649,0.93176629
128.86975097,-0.25434815
128.87225045,-0.10137447
128.88580297,0.98533635
128.89018346,-0.06572025
128.90338665,2.60344592
128.93379441,-0.10539427
128.93457453,-0.38148186
128.99592724,0.88212543
129.02300533,-0.9516652
129.07880423,50.37619707
129.09516145,0.896957
129.10743095,0.71811418
129.11623205,0.65899938
129.14461276,0.54218589
129.20129511,-1.08398502
129.23151575,0.07245992
129.2571338,0.19298477
129.26034315,-0.99360508
129.26906112,8.88789924
129.27682115,0.16670189
129.28621222,0.61438461
129.29753239,5.56125637
129.32809952,0.44462536
129.32833573,-1.41220822
129.34064894,52.20428238
129.40741022,51.70594078
129.44117491,46.21350084
129.45268202,0.48682608
129.47381481,0.330574
129.49266744,0.55906803
129.49840328,43.30820208
129.50672094,-0.05179198
129.54025559,34.2391727
129.55020147,36.59199548
129.56985269,0.90300323
129.57101641,0.48806367
129.57639184,43.55037935
129.57962155,-0.30001385
129.62853711,0.8044648
129.63453425,-0.19134628
129.64944037,10.33728702
129.65960167,-1.13837738
129.66026187,1.25721851
129.67004356,0.83058882
129.71704875,-0.23941196
129.71856195,0.34633321
129.72468798,1.28177227
129.74219599,0.79270061
129.76698262,50.9142401
129.77026637,43.7887663
129.77275344,57.1683717
129.78715976,-0.23006193
129.79383176,0.60631626
129.81191256,-0.17134505
129.84403224,43.97960794
129.84847259,1.01432977
129.86035152,-0.49773767
129.86063655,0.64982513
129.86227796,-0.23643429
129.86290984,0.86833082
129.86862745,-0.64677449
129.90764495,-0.6413794
129.9417466,-0.40801356
129.96172718,0.47871734
129.99159909,-0.35258088
13.10667253,26.60769838
13.24186715,24.41399742
13.33694264,1.05615577
13.51750064,19.60800913
13.55394697,0.83252649
13.64388345,31.39949808
13.71953019,-0.34376036
13.9756859,20.64198263
130.00057263,52.76339955
130.00190034,0.92139405
130.00938808,-0.4887933
130.01675857,-0.67937146
130.01996092,44.11307489
130.02306376,44.45269147
130.02841409,0.69692912
130.03201613,-0.57811341
130.03317418,-0.4572882
130.04106842,-0.50459134
130.04568736,39.00103812
130.05886687,52.66635283
130.061176,-0.59054617
130.06333084,-0.17769958
130.06720118,-0.98173274
130.08613141,-0.45753845
130.09461445,52.73999139
130.11775239,1.19724451
130.12415174,-1.4192869
130.12867587,46.43189967
130.14112616,-0.455127
130.14353754,-0.41753328
130.21202385,0.58720557
130.21836496,0.29434626
130.23059101,-0.24883991
130.2487022,0.80937252
130.26723583,0.32969253
130.29477335,-0.28866951
130.29513775,0.27403031
130.37413827,51.88169473
130.38872801,1.0349461
130.39098879,44.0082724
130.40274166,26.83314478
130.40968525,0.74361181
130.42454774,42.10613969
130.43385677,-0.56290754
130.44860711,45.95222486
130.45860912,0.62246826
130.47341653,-0.74468485
130.48343425,44.38496045
130.49165015,-0.94308738
130.51517536,44.15755775
130.5391495,-0.52758492
130.58603061,0.84166662
130.60030963,0.42863877
130.62919195,0.22019188
130.62998677,-0.43485786
130.6571274,45.58735304
130.66956637,0.94486705
130.68641723,0.79563242
130.69474278,0.59210721
130.72660069,50.48673888
130.75626439,0.00101988
130.80172302,6.91751714
130.82019734,0.12845558
130.83363685,21.0578545
130.84747862,0.26356387
130.86355397,2.04508894
130.90510556,-0.79834584
130.91702686,0.25174361
131.02682569,-1.06259514
131.03098383,44.43867721
131.04719148,0.17587873
131.05222243,0.74545779
131.06405973,20.62692441
131.09701824,11.48190927
131.11593975,-0.19884209
131.12131262,0.53011044
131.18963303,44.22648809
131.19166963,0.16860436
131.36399461,55.90269023
131.38691428,52.15747599
131.40000993,0.44988504
131.46779445,-0.06045523
131.51886483,50.7772492
131.58338586,47.79605328
131.63691555,46.54612522
131.68495077,49.58440986
131.69071351,44.33866592
131.75162731,2.97342145
131.94513192,49.09171422
132.14504607,11.18576218
132.35839983,20.80432997
132.42622667,10.03040224
132.51837544,44.86621161
132.53441195,49.47307178
132.53904782,9.80165135
132.54644608,49.48005875
132.55770895,57.33998749
132.57976968,49.49160405
132.58517747,46.94978694
132.58802976,10.78199194
132.60314149,44.67787844
132.60328057,10.723486
132.63709839,44.60825284
132.64407478,49.39158073
132.64528459,44.01587581
132.6613987,10.46312275
132.67361773,8.67058765
132.69580221,44.14359739
132.72413203,55.37951174
132.7438229,10.38715842
132.75906752,46.32267571
132.77676784,54.27240442
132.86280202,47.10812019
132.88202867,49.10762568
132.90891326,49.02509028
133.02112622,9.23877445
133.0965159,20.00024735
133.10029551,49.03039281
133.11660251,45.78885741
133.12959244,52.2073418
133.21762964,10.86894167
133.33696339,55.35451289
133.39886695,52.84244123
133.4478485,49.71728482
133.70306214,18.78127111
133.93363143,51.70102785
134.09049734,61.4008229
134.38004083,25.0893839
134.62944113,20.18054388
134.76872889,46.42980507
134.82714449,52.81208976
134.87111682,15.79374422
135.10408415,53.97516412
135.17146737,13.64286515
135.21773071,52.39282192
135.96105011,59.61105825
135.97732206,11.60496898
135.98615573,56.68241401
136.04611252,30.30382245
136.08812224,30.32941679
136.16058146,47.77668252
136.18696579,16.22579898
136.34255746,54.1065933
136.35671885,49.04018881
136.44260244,49.49223623
136.45386971,52.37082038
136.50090477,47.33158944
136.70135024,51.91309622
136.74963466,16.51888934
136.78658049,42.23756266
136.81697886,45.02022831
137.0232623,50.13925379
137.13400716,47.2558098
137.20743941,25.28642892
137.22540243,12.56480029
137.2259608,53.54280748
137.25197847,34.51881594
137.40199871,52.75553043
137.65430786,33.49010189
137.66631954,46.2044027
137.78783855,47.07414872
137.84478002,49.34986597
137.85955779,58.31944582
137.90149221,51.47308351
138.00382022,59.53772886
138.02231719,30.28577922
138.03374509,46.09153163
138.03490164,32.15928668
138.05058771,51.92022516
138.23419667,29.73856419
138.41897766,54.28205131
138.49687408,54.2184822
138.50881242,49.71182164
138.54091937,52.79150762
138.61452509,49.70435474
138.62828614,46.48854651
138.82417836,52.49581169
138.84469351,14.28576214
138.84485903,8.19140213
138.85213924,10.14009803
138.94152615,54.64077582
138.94547415,15.84938905
138.99799768,-2.21135894
139.09670226,13.17398573
139.10931055,26.68078204
139.13792568,7.62843666
139.32887409,54.28354697
139.34388243,14.64073622
139.43783146,23.25365303
139.45079544,1.26771017
139.5323405,48.58780917
139.54669714,51.31772444
139.86878901,49.41228964
139.99609733,52.34055448
14.04884486,2.02108628
14.24465934,22.0776408
14.47627477,3.24009347
14.75777849,24.16980401
14.76200026,21.92142515
14.81177843,15.43471364
140.01208567,47.15031357
140.30505108,43.46394732
140.47019393,62.37072761
140.48787491,54.21901688
140.4987248,46.71953024
140.52835308,30.11076973
140.56679787,-0.13849128
140.59931769,45.15315593
140.67322871,0.41922634
140.69110421,-0.24939323
140.71527986,-0.53113016
140.71883972,53.61722519
140.72379016,47.86170732
140.72381568,0.04349643
140.72876284,0.14258803
140.74908758,0.10346789
140.77955445,0.69982912
140.81812681,-0.24407969
140.8205906,0.81798165
140.82285312,-0.41259038
140.82878772,-0.09522876
140.85282951,-0.4719526
140.85868448,-0.03844327
140.88289757,47.46800904
140.94269932,58.46102484
140.97334042,-0.14492802
140.99908774,51.27016207
141.01686178,1.04272394
141.03016621,0.29306645
141.03682357,-0.30661172
141.05309644,0.92956052
141.05629991,55.72546501
141.06155147,0.99413684
141.09548407,-0.70156462
141.12188266,-0.15969119
141.13664104,-0.72259054
141.15104553,0.45958354
141.19698446,-0.66529249
141.26173782,1.15897471
141.31336201,1.27346517
141.32786431,2.13475078
141.32977591,0.71399344
141.39661303,0.78856667
141.40547166,13.15047013
141.44926485,0.54215663
141.50573725,0.11137222
141.53776676,1.37172586
141.60675722,0.05954414
141.66285009,-1.32065771
141.67102201,47.47383817
141.68389949,-0.74964402
141.74611907,-0.35295046
141.78918586,0.31154431
141.8064347,0.85525009
141.81183409,0.68913377
141.81194862,0.92052035
141.83943255,19.43328624
141.85292324,-0.63829956
141.87137468,0.02181234
141.87763199,-0.57649619
141.89255377,-0.30557743
141.89264321,1.01863678
141.89459854,32.54033213
141.89540454,-0.34711112
141.91216966,-0.38266173
141.92428101,29.71351791
141.92806987,1.15147193
141.93244504,52.89091362
141.94960278,1.47987237
141.96677897,1.11314131
141.97948544,22.82628061
141.98982664,-0.61190633
142.01819025,0.7114498
142.02482651,-0.43595831
142.03007375,48.87200228
142.03949041,-0.3268434
142.05085237,33.04576994
142.06696791,0.99852128
142.07399202,0.12337622
142.10670505,-1.31117961
142.10954156,-1.38090454
142.13408509,-1.10534227
142.14910991,-0.52084845
142.15114451,0.35672795
142.15541165,1.19825464
142.17477355,-0.86904531
142.21003773,1.31825482
142.22872045,-0.51268009
142.25402629,-0.53975027
142.28067809,-0.66730444
142.31798311,-1.19274529
142.32218762,1.27612078
142.33266764,0.39784659
142.3431981,1.08252027
142.40902658,-0.8521699
142.43922541,0.99256758
142.44831436,-0.45449961
142.45307439,0.95688048
142.49254027,47.31035761
142.54238329,-1.08214206
142.59263672,0.4310199
142.65585991,52.22018968
142.65774536,0.46215888
142.71750042,0.42771701
142.75293706,0.20144192
142.77211718,51.61447218
142.81140808,51.62645382
142.82152463,-0.63382938
142.88721551,1.11283642
142.88835591,0.1106391
142.92802116,-0.344346
142.93570624,0.57434085
142.98972716,-0.03882562
143.03966203,-0.66491699
143.05181087,0.27050007
143.05866792,56.84919539
143.07046845,0.57475737
143.07411942,-0.39733458
143.09523882,-0.36770058
143.16131948,-0.6147326
143.25086218,0.32796715
143.26636221,56.93082111
143.29289628,0.34884079
143.30757973,50.21269157
143.36705423,-0.53356819
143.65786196,16.11662345
143.728052,13.24624976
143.81219214,46.51940603
143.84575007,44.82627596
143.84575569,51.70447961
144.11618467,58.42891188
144.2551809,58.40658429
144.25565415,8.7169436
144.32977608,52.46731425
144.3941606,55.10129952
144.52589363,39.78634531
144.59328412,49.58898934
144.69567139,35.78512466
144.80669497,56.39616444
144.98387764,60.92455741
145.07266675,37.04646343
145.15757496,54.24630915
145.21846399,38.14872248
145.29315778,17.9379253
145.53589215,49.33928775
145.56400248,53.81581872
145.56402351,54.6020553
145.69246421,51.85177669
145.79439685,52.04474152
145.84386129,56.34119597
145.92637944,53.54487183
145.97845659,56.21231016
146.05230379,39.07483609
146.1158138,8.55317192
146.1666871,48.0057432
146.2727616,49.05717807
146.27952592,19.79109878
146.37881458,56.06707484
146.82252771,54.40771376
146.88284218,54.30629607
146.93956744,52.02974267
146.9433016,53.26183744
147.01599953,12.60207704
147.0925861,52.46235678
147.12033282,51.83687555
147.13480587,52.89039283
147.54838183,29.0847115
147.96673688,56.00345684
148.12719638,49.17828916
148.15949459,52.85811025
148.19031645,43.37846121
148.39094741,53.57676699
148.49201709,7.94397203
148.50827949,56.25925332
148.5411435,53.17968843
148.65946073,55.61455321
148.72513032,53.47056453
149.05750543,1.75455995
149.07832648,48.1794831
149.33003852,1.38362133
149.44223693,41.60228291
149.96394715,47.89242882
15.30785638,3.42960197
15.44329669,7.23584744
15.72129927,34.01424734
15.94253537,23.96122225
15.98502401,1.24925995
150.21669001,14.24715479
150.42502585,52.27025521
150.62935091,45.37136879
150.90637732,12.92960252
151.28021073,46.03220956
151.31305485,48.70618034
151.5393658,45.50382923
151.77065003,20.69406749
151.97286623,24.75962131
152.05243439,27.29903709
152.1100471,35.15830164
152.52940011,47.23674617
152.54315578,8.45832769
152.55317822,22.80596718
153.50033877,8.35635094
153.53939715,11.61284361
153.82677341,41.79147218
153.88166009,4.2556403
153.89662129,30.57679288
154.0726414,62.65166853
154.07864433,45.39476677
154.33911582,17.60836405
154.36442878,48.70417704
154.50776939,7.64520975
154.5479743,11.87085819
154.57222739,27.08356853
154.59038381,45.6656856
155.105381,17.56220877
155.20943482,18.37171887
155.23030816,17.44679587
155.26234683,16.90587884
155.29229911,9.93343511
155.35349211,18.3354363
155.39321445,17.80957772
155.43602853,18.32266193
155.4691723,18.17992666
155.56208925,17.46194164
155.57779136,18.69195496
155.59794549,17.0965015
155.63186811,18.29992493
155.64453251,17.42215845
155.6907765,17.02143927
155.69107232,16.74960116
155.70898591,17.43070178
155.76361337,17.72353447
155.76384875,16.69344667
155.77267414,49.58840795
155.84970052,17.93322401
155.88143732,17.16460937
155.88363528,16.95482683
155.90202086,18.60196582
155.95459597,16.44038589
155.98595314,17.60039648
155.98737519,18.64733915
155.99126494,16.92616056
156.02696716,18.29198097
156.04562556,17.94017014
156.07626644,10.45026257
156.09337683,18.2669775
156.10524519,18.79304569
156.13409587,17.29212855
156.14371404,17.70426726
156.14833314,18.55338138
156.17517884,17.87314558
156.21641264,16.6989345
156.22565525,18.08231757
156.22589565,18.03423224
156.26439057,17.63495795
156.30668659,18.23692305
156.44696118,17.53503618
156.48824495,17.36365548
156.60471759,18.52598781
156.62725976,17.06872622
156.64189837,41.32252441
156.64836271,18.28513177
156.65893497,18.73992055
156.6779643,18.34449605
156.70848127,46.77934917
156.78840429,17.21227361
156.83707311,17.10028908
156.84634312,18.07295498
156.86254276,30.30737956
156.94340065,29.56313397
156.95632081,18.7315474
156.98282525,17.21110142
157.0202133,16.57994266
157.03446896,18.88439352
157.04039785,18.84601514
157.04797541,16.67059838
157.05197949,16.89733837
157.09260289,17.51118746
157.12583497,17.08933732
157.15050705,17.24221337
157.26707037,17.94544146
157.31630439,17.05084554
157.32930925,17.44118191
157.33240065,17.36387123
157.38646045,17.41515473
157.3884281,17.70890424
157.39604571,17.52007047
157.41642443,18.77517614
157.42679654,16.61434196
157.46219188,16.9626431
157.50524247,17.46999472
157.54559971,18.75254845
157.68326345,48.36252604
157.7238097,17.83821206
157.79804912,18.55871045
157.81002316,17.30968651
157.82443445,17.40280264
157.92669033,17.14123642
157.94387547,45.96526305
157.96231018,17.69892297
157.97712503,17.73234467
157.99434517,17.67436683
158.4826846,39.39207761
158.78455342,33.39611875
159.32314922,50.28495445
159.49299375,49.04538208
159.56606235,9.45746313
159.83594636,46.91330637
16.17798438,29.65430223
16.39642907,30.89230833
16.57486638,14.91830398
16.70941686,2.7619653
16.94561172,-4.22260463
160.01898572,9.33071591
160.14514371,15.02091328
160.26305049,39.89886045
160.39875079,50.61654053
160.41882403,46.1020769
160.81413887,48.88447887
160.83267035,35.27822721
160.99058622,45.59053573
161.18771531,53.14864464
161.44708792,54.70841177
161.75032441,17.58225187
161.76487047,46.4247333
161.89134975,19.4377266
161.91925435,46.33300122
162.30655459,62.23825651
162.49733667,18.28982673
162.79473446,23.79520904
162.84021501,9.56903876
162.95770659,50.78893503
163.54251532,51.29067415
163.64221227,46.73645814
163.65562516,8.57431435
163.7287698,4.58956978
164.1971658,22.70753612
164.26086614,46.41928778
164.33748067,11.73831632
164.422914,16.22885878
164.42504004,52.88347609
164.43445386,53.66634368
164.44175711,52.35753415
164.45040576,15.7465514
164.77671335,45.58503213
164.82722415,9.23469832
164.85020627,8.46772645
165.16138015,47.24461628
165.63892628,44.97603936
166.09161704,58.71655326
166.19932063,53.28879991
166.24569048,27.71994327
166.83157268,47.79902302
166.94519128,12.77801029
167.05369179,12.86985035
167.05825581,55.14769203
167.07008572,40.65186126
167.16075702,46.56988101
167.24526805,45.38985753
167.34591375,44.26396407
167.36725818,46.73512714
167.85314954,55.70125691
167.91675033,-17.04644719
168.0223595,46.37134758
168.06900768,49.07814883
168.14837563,59.65921542
168.22336595,53.77552676
168.31298997,8.17026489
168.58492841,16.87770807
168.62376126,36.64401441
169.54331641,46.13722364
169.58180178,16.59349235
169.64098528,56.66614024
169.64320618,58.88222268
169.79085631,48.63945778
169.84472557,10.6763253
17.20227418,21.68265865
17.27853004,0.04421042
17.35175551,11.02052061
17.4210643,33.67533705
17.42500322,16.96928724
17.54028014,34.47998397
17.54446884,10.22600633
17.58810646,1.13790033
17.73607645,-0.90205664
17.80530181,30.66834439
170.06503314,49.03626824
170.23054857,61.02174711
170.34170789,-0.39061789
170.46478639,49.48760167
170.84621347,17.40417987
170.95877809,11.19213395
171.10179412,11.12467084
171.50186008,7.76203011
171.79588538,25.91014051
172.2660299,33.84831886
172.40343866,-6.34756139
172.43770311,39.74948868
172.55714371,53.59641296
172.64909437,47.83069539
172.76303923,50.44732644
172.87643157,-7.29570903
173.03278626,53.80636681
173.06890786,47.38152182
173.29065642,45.8907547
173.31798369,53.81577935
173.330688,14.92971947
173.94924878,13.93067291
174.03644785,16.75538677
174.21405087,25.31143895
174.23783394,59.56267051
174.27343238,0.84228507
174.66861772,46.32551173
174.90562339,12.85923641
174.91638466,20.8950891
175.06381011,43.90336748
175.24280949,59.37879761
175.40489588,44.74762895
175.51536177,38.1014346
175.89997591,53.84390615
175.9046672,59.62978632
175.93480165,31.70914002
176.02312703,52.80417289
176.07105749,64.89327434
176.71803818,48.98968326
176.86400487,49.52095511
177.08628468,60.53892874
177.12752313,54.9653611
177.16284241,9.37246632
177.27267244,46.69058079
177.35509089,57.52808629
177.41668126,47.81143878
177.42040016,56.30345241
177.55967935,5.27165131
177.8776383,49.563945
177.97624037,50.56952588
178.05323521,48.77274255
178.21124275,51.73788864
178.28051329,48.30556506
178.35446221,48.71129245
178.37916852,13.39184412
178.39503332,15.29627389
178.43355093,11.62662118
178.68179095,9.54060378
178.79346478,33.40101129
178.89530794,23.66789532
178.97307665,54.57760724
179.93488644,56.60190888
179.95126582,50.03236843
18.20849009,32.46712719
18.2727035,-4.49635439
18.49702405,18.89100192
18.51974421,24.5011141
18.54905738,7.01949044
180.08065838,9.16077269
180.18069969,56.25704307
180.21528972,57.14951472
180.30707279,19.94821342
180.50990365,19.6992787
180.5449369,20.00015224
180.57696405,20.04641709
180.59177951,19.37656314
180.62793276,19.70644367
180.63135206,45.00231083
180.73593021,20.70039163
180.79417313,16.18341607
180.80348408,13.92382881
180.80477561,20.30708039
180.87177093,13.63697161
180.8903694,18.84317035
180.92403267,20.45947751
180.95249301,20.76134362
180.96083263,19.12724371
180.97247718,20.06479893
181.02473797,20.43266472
181.05855295,20.71734393
181.06292833,20.75918467
181.10105861,20.62464106
181.10990033,19.12906963
181.11846684,19.97172726
181.14098248,20.70180507
181.14725341,19.99442026
181.18705261,48.22008307
181.20023535,18.87658942
181.22635029,21.02577866
181.25724963,19.70397315
181.30545796,19.38232456
181.33639109,48.47572434
181.3588126,19.55580224
181.36297574,19.84060287
181.43040779,19.26124555
181.44306053,20.03704802
181.50601933,19.86469084
181.50675534,47.53702175
181.53806999,18.88780588
181.61105238,18.90809114
181.62072808,14.09739157
181.63884058,19.18354669
181.65635494,18.93099534
181.75423882,29.27605259
181.75947513,15.23380171
181.78001664,21.00175473
181.79896049,20.44386243
181.86992919,19.89255965
181.87470517,20.50397029
181.89862815,20.31128966
181.90398718,20.11135172
181.97946521,20.1669528
182.01013878,19.46143774
182.01500895,19.09015435
182.04381968,55.25801335
182.04763195,19.51093565
182.11294467,18.8518817
182.17709111,19.21272
182.2076377,51.41398465
182.21760924,14.53689261
182.27085228,20.66731975
182.32532201,12.61293832
182.38107114,20.15039065
182.3841901,1.10558674
182.39063341,47.92638501
182.42952499,19.52138847
182.44230729,20.57492888
182.51987434,19.63382721
182.52343949,19.05299352
182.55753739,19.81715769
182.59197882,19.59078791
182.62009592,37.17343754
182.64340161,19.81418345
182.65563674,20.80084142
182.68726936,9.24098769
182.75980915,19.80796896
182.76880158,19.20412307
182.82628823,20.58637327
182.83626387,20.67830478
182.90838991,19.75264252
183.02542305,20.26190516
183.03086275,1.93437109
183.16919014,40.38950564
183.28933259,19.52613055
183.37518576,40.93213817
183.61047485,53.92681022
183.72941564,39.28955859
184.26045965,15.90168026
184.41359346,47.56877987
184.45102554,0.475598
184.81170937,46.76466577
185.23087916,55.11281107
185.26651756,56.53789952
185.34932016,33.820954
185.41601397,55.91285273
185.50670617,46.59461802
185.57337668,56.19722308
185.60662143,59.90857902
185.65659022,29.67068269
185.68319093,29.74778967
185.71795555,35.26802005
185.87342816,5.0623057
185.94908276,48.17054758
185.95140502,48.50624089
185.97258773,51.49249573
185.97495417,54.18921288
185.99548851,52.82839658
186.05021094,13.56859368
186.12582293,46.73764942
186.23926042,30.60498629
186.55082436,29.24205089
186.70661006,47.84692414
186.90503404,57.47904737
186.93771317,45.06711072
186.97133002,51.06623305
187.22139637,2.82790491
187.25923912,48.4390975
187.30243465,46.68745729
187.39541383,56.08766757
187.41777306,38.29429991
187.57692322,59.58884007
187.71449992,41.6910348
187.80593332,65.86350267
187.88357623,15.96092299
188.08788263,13.33687643
188.16251849,51.02673186
188.24681845,47.1875909
188.53293008,35.82071745
188.63404616,57.64551566
188.85712212,47.30395752
188.93774754,56.40913265
188.94691948,16.88748719
189.04118214,7.07894846
189.12585211,8.99387561
189.14289292,11.14174415
189.19302659,54.69511792
189.19951433,51.12654001
189.33546295,50.01873765
189.34616559,41.64960816
189.63774085,35.31302366
189.95467027,33.29627699
19.16642137,29.83665974
19.19209742,20.8338698
19.19779706,16.47669184
19.24403813,15.79696318
19.30156952,28.24393123
19.33624395,4.07127873
19.35036516,26.42076243
19.51675873,21.63244528
19.8028867,0.49346859
19.83063707,24.78479741
19.89882866,-7.39938079
19.90236185,18.06201844
190.39361083,49.01864194
190.57412795,5.77959343
190.62141033,16.23165542
190.82776064,48.60795977
191.09030374,-0.29859995
191.19119,55.74720658
191.22746577,46.87442335
191.26590704,5.74566934
191.63401673,52.83215686
191.69459361,48.30762928
191.80774978,13.37131153
192.2708809,4.33741643
192.28560248,22.55842734
192.35710027,55.23580782
192.36279215,38.78250693
192.56419474,12.926709
192.67578985,48.30555024
192.76924029,57.70671566
192.91645187,46.1133126
192.98976897,6.76509372
193.02319063,53.204893
193.03957835,9.36159024
193.33982871,51.81595717
193.36519906,47.22905002
193.38571008,51.74115214
193.39916195,14.43912531
193.43411656,40.95154241
193.49993432,44.25330467
193.5159642,19.85062472
193.61103536,15.43122984
193.6182681,15.03087724
193.6363906,7.53462762
193.69114048,52.84190025
193.94270125,46.34326927
193.97981758,46.09125037
194.3648562,52.47648878
194.41027104,28.58217125
194.56921853,47.03797072
194.59309395,38.58324686
194.61729339,46.08063957
194.81072116,55.06301532
194.83730663,58.76542209
194.89425856,29.95127065
194.90992069,52.36654896
195.23413873,24.12973918
195.27866134,48.31453002
195.29472876,15.34745377
195.33882233,27.50137893
195.36420422,51.81593749
195.61779368,56.08582976
195.65483873,46.16699125
195.86076768,53.79996322
195.96041713,58.22194958
195.97711782,53.08965803
196.14573296,58.47632474
196.15742318,29.04108213
196.1620599,16.94605009
196.20729099,3.80590999
196.26396406,10.38433998
196.3902489,51.94090803
196.39113333,49.77630268
196.39686618,38.15701414
196.45407589,52.8621938
196.59006482,0.2790205
196.63031397,55.43884419
196.66583781,52.22657832
196.67745469,47.80885222
196.86669855,-0.35446074
196.89579905,-0.62664559
196.94732396,-0.67589707
197.05729433,54.51989763
197.1176334,0.60634286
197.1199145,-0.92813661
197.185923,0.21900708
197.23324068,0.25780435
197.2390091,0.48693369
197.24479023,0.99539625
197.25915308,-1.19711905
197.30795111,0.59791358
197.32803754,-0.85961322
197.33444674,0.69061042
197.34684891,46.9134477
197.35716279,49.92449141
197.43947985,44.83468111
197.48778184,0.05110441
197.50394578,1.12267198
197.51538637,37.47931691
197.5709235,1.06028959
197.61867548,1.20598272
197.64184025,45.57164713
197.64980936,-0.22952446
197.65457291,-1.16293227
197.67806121,-0.13440152
197.69023663,0.14362083
197.69542704,9.80826749
197.7050932,36.30339252
197.71833259,18.94422609
197.72932194,18.83624845
197.74271313,-0.6596891
197.74930958,0.52214208
197.77429173,0.53609651
197.78599438,0.61930344
197.87052902,-0.00740601
197.89631623,6.56525625
197.90421917,3.05502205
197.90925654,1.22759278
197.92814923,-1.06315006
197.93117252,-1.23780196
197.96518772,0.18236816
197.99489922,1.22986217
198.0028465,-0.09232169
198.00504702,0.28087472
198.07112094,-0.69128525
198.07800937,1.03235752
198.08990006,-0.57598339
198.09593802,0.76589976
198.11138626,-0.35430963
198.12758552,1.25592557
198.13933492,45.44942071
198.20571202,8.55188324
198.2374737,-0.93779685
198.24608056,-0.4822061
198.256451,1.03603912
198.3041356,0.49982007
198.34260545,-1.02952288
198.34944935,53.28050121
198.35824127,50.32787017
198.36342603,56.15658396
198.38844112,-0.17124623
198.41229513,-0.3661064
198.44132362,1.01912586
198.47235321,-0.42630251
198.52892571,35.90341679
198.57222085,-0.11425
198.59669997,54.13591785
198.62584515,-0.07540377
198.64469202,0.73633851
198.65701886,-0.9388289
198.6802637,-0.69422885
198.68453245,0.58138436
198.70499372,22.89103574
198.71982051,0.7803676
198.72804207,-0.1090022
198.78917692,0.3315065
198.80897868,0.09356699
198.81255544,-0.97671513
198.81326636,-0.45341415
198.81422638,15.50401875
198.82523093,33.52669223
199.01119173,0.08110743
199.0624198,25.44143267
199.1241705,-0.88493241
199.12774209,-0.76535103
199.1322951,50.73158271
199.14886018,0.61325595
199.1803092,0.151833
199.21612258,-0.42557975
199.31207015,-0.22245906
199.36891456,47.41271199
199.37081595,-0.2367343
199.55265987,14.35736263
199.72076653,54.69475755
199.72679812,7.62703669
199.89277762,4.06387976
199.93018827,51.61316907
2.00364557,20.09700324
2.13052103,20.91869285
2.19670656,28.34306931
2.29741548,21.44594628
2.32331108,25.52446642
2.42138265,-0.80772344
2.42798628,30.00372323
2.48300024,21.33362374
2.49295506,30.16870808
2.58745719,9.74861692
2.83698625,-9.3163829
2.97224006,-10.06736244
20.06430943,26.15626263
20.49897195,-1.02857323
20.53807695,33.9193907
20.94284496,33.60205857
200.18680469,47.41235509
200.21869619,55.49115499
200.3181818,14.92089659
200.40717596,45.21702194
200.53238376,48.31873424
200.8024795,23.54793315
200.84370355,54.00430087
200.92118984,50.77552405
200.9536866,9.239146
201.03559618,33.01789802
201.17972613,47.71957204
201.36030524,48.58405585
201.46460904,54.12716415
201.83730602,7.88689243
201.94092211,59.55951137
201.97232317,55.17953889
202.12415269,3.55131333
202.16584252,52.80170651
202.24188312,51.58346203
202.25332202,49.11341386
202.26491845,47.90626754
202.32992244,40.94025086
202.37179228,28.36435267
202.52336914,48.33051788
202.54731078,11.14145812
202.64458533,50.57928213
202.67501439,50.5701936
202.70588208,62.34535784
202.75950278,58.5218111
202.94337988,55.94260955
203.02159642,48.66169718
203.03430795,48.50854894
203.22319516,29.57738884
203.39801582,44.88313146
203.44647157,46.45546688
203.51946812,49.27329755
204.28244188,48.30964793
204.42105963,3.64879605
204.47692066,53.64085258
204.66414275,45.21085291
204.749811,9.173777
204.93803111,49.23647492
204.9432371,33.36727185
204.95197425,51.66800572
205.04359901,50.43397997
205.04536106,51.37691529
205.13690341,23.52792119
205.15037117,3.63680584
205.1796451,23.00894232
205.2361908,33.54557722
205.32907989,47.09644273
205.34725124,41.15596484
205.39533344,9.51763617
205.45866461,47.98093637
205.49022066,4.77289191
205.96897305,13.15323482
206.07085167,9.9211039
206.11219631,28.27079019
206.20636964,60.3289722
206.26025003,23.48615782
206.34980545,39.76497652
206.5352229,48.04773823
206.55311013,51.94389375
206.59197505,13.49662935
206.7323297,11.48249057
207.0008121,10.74351015
207.29693726,49.64244585
207.32030493,0.43966009
207.39034433,58.88150921
207.58334724,55.03377577
207.59885214,50.03849959
207.75528516,49.17297366
208.42050047,10.0756945
208.51054615,53.01916258
208.53955781,55.15317902
208.58145512,50.59478881
208.66779792,11.37695338
208.73515595,8.19481148
208.81961286,33.5639348
208.83413766,42.83930231
209.0667018,4.15756266
209.08626642,59.21740881
209.13828202,9.53043786
209.2786363,38.34683113
209.29197417,48.55029192
209.36722507,48.33614358
209.54112105,10.28303769
209.82304818,48.80108362
21.05032202,23.3679926
21.11636488,39.2098049
21.15201769,33.26035003
21.20390926,24.33179781
21.26151551,34.83954187
21.2762158,30.78911969
21.35748875,2.73428178
21.56060108,34.66229272
21.60026075,33.18926212
21.938892,1.98246941
21.97515196,21.28135223
210.04696108,4.07312638
210.20867842,4.61881002
210.28217221,11.17100138
210.32105982,8.35316069
210.4366683,17.29741394
210.43807658,10.51611865
210.47068954,10.42689681
210.47165204,40.24924304
210.53375777,12.99601149
210.71320637,6.05340586
210.72090076,58.5529963
210.90201257,47.55072566
211.04516283,12.10387581
211.06740497,8.96149427
211.08430466,8.7584069
211.16385414,46.39442581
211.2000955,55.20560729
211.46034058,7.7265665
211.5013557,23.16212606
211.51355397,12.54268798
211.83939446,14.07356056
211.98975052,4.87800916
212.39397255,16.28161552
212.48986031,3.7839656
212.51175198,48.62216043
212.85121695,51.96362413
212.90692123,24.40658644
212.91118208,6.45692943
212.99461801,8.9370941
213.15449687,41.5973783
213.42603339,16.99048568
213.64240387,10.4306197
213.77859719,57.12692704
214.30233498,11.99427341
214.34729321,55.09848864
214.42359023,16.84491767
214.43289013,13.09827059
214.55953737,15.10405615
214.58797449,6.37329444
214.63140052,8.79832632
214.72555266,9.51869993
214.79152319,6.12016395
214.85094097,4.43755937
214.88220207,14.59464762
214.89014117,17.75851999
214.97285266,52.28361822
215.18601457,51.44414646
215.2192342,-0.24297246
215.37235537,8.34689659
215.43319053,11.93752734
215.4901521,8.41304222
215.64743516,18.39754838
215.70670774,11.10294253
215.73171929,9.96062949
215.75004084,54.20496133
215.76225388,9.9548943
215.81814851,0.62929038
215.87267463,14.36179113
216.22078104,17.36781971
216.25034935,11.98625326
216.81879648,52.76923879
217.12787422,52.78743175
217.41863391,35.70575506
217.60102859,12.46323547
217.71020917,48.09349726
217.72881779,14.325841
217.73233389,12.79175941
217.90104479,9.33149512
217.94895926,13.68637828
217.97299232,53.00930632
218.025929,0.20514914
218.08419868,15.36649096
218.38041789,9.26230521
218.38722422,16.05621823
218.41060664,17.07516657
218.54878672,19.48709566
218.63849909,5.53287928
218.66362013,42.79037115
218.91285984,13.37270603
219.15713826,18.49054523
219.16666639,39.39496701
219.24824391,10.98556543
219.31479389,9.77035435
219.3711463,11.55850265
219.48230502,16.10270998
219.52780449,36.79822671
219.76492838,8.43499736
219.82248976,15.54187487
219.8746443,18.17793767
22.0666514,30.41248691
22.07272906,-0.08364228
22.15839565,-3.72264746
22.29824154,2.19467546
22.36489253,33.68867988
22.5445683,16.71280801
22.61307233,14.29213391
220.55690942,5.5961708
220.63527871,17.53763786
220.86240989,4.16664132
221.11686698,54.31110177
221.63234683,38.29991229
221.65571149,7.38938168
221.87871727,49.64870726
221.8839194,10.08418121
222.01649519,59.20076956
222.01718005,18.02661576
222.16983421,37.07330525
222.24604525,14.87448449
222.26063369,17.15504062
222.27209475,17.35758793
222.54209564,8.22474034
222.56745657,61.57366895
222.83949083,47.26509152
222.98970952,11.55813531
223.13989185,50.52825315
223.30524317,18.20321433
223.36086078,38.63392947
223.39383407,34.04130026
223.66657886,14.48889817
223.71090948,8.03877452
223.83637521,9.76253318
223.8765223,8.8602198
223.91885189,41.83419953
223.92154631,18.30692161
223.99372496,4.37520942
224.02075097,8.46278377
224.16948192,41.05007887
224.30692648,54.76950031
224.33177114,42.06105138
224.34183687,10.00664333
224.44517096,18.31031943
224.45146507,13.47569838
224.59852739,42.30822479
224.67832097,10.78964897
224.74361537,1.34401665
224.85040447,7.72190739
224.90318934,56.42823305
225.01339306,16.6673793
225.07034423,16.39551806
225.09708991,40.66131463
225.16831786,10.35044488
225.25247614,8.36549075
225.27158172,15.53623267
225.44280792,13.05069089
225.68640805,43.94887801
225.70161064,42.30472478
225.71408724,42.35415294
225.71732662,43.96370208
225.88553791,4.26651731
226.16427392,47.97192164
226.26018386,10.69674212
226.52052285,47.67622091
226.93078729,16.91947896
227.03083481,44.42370035
227.05100737,58.70321054
227.09246618,6.24373219
227.42414163,2.80552214
227.47061155,11.20817779
227.54169755,10.69177201
228.03523593,14.08157169
228.12992429,15.00966289
228.26115932,47.90741477
228.26583852,19.44933213
228.31572624,12.58256451
228.61136456,8.89045711
228.70563601,32.63890848
229.07632189,14.091544
229.3078901,10.76629696
229.50557398,41.61270542
229.71370675,51.33121024
229.71697381,36.61040162
229.82650613,14.14143264
229.83248987,41.61236212
229.88402047,41.59060221
229.89864007,15.34484755
23.02285298,-0.74386614
23.06861777,29.85410218
23.22642977,-1.0323202
23.23293515,26.60348096
23.26762302,-3.42646511
23.33786627,20.2107045
23.34492365,13.83644721
23.42633568,20.91483454
23.44725195,20.94844775
23.62052856,31.78334153
23.70946636,22.14213848
23.79456418,0.82706654
23.98679221,22.51650764
230.06816118,47.3652285
230.36052087,7.42981991
230.36876855,9.60851374
230.39611232,14.94910556
230.44467716,7.2079825
230.89746937,14.2810675
230.94366348,13.69276899
230.96780373,15.92530437
230.96897294,35.83439225
231.23058867,4.72586422
231.27915339,9.75932462
231.38280081,13.90753834
231.45542611,15.72631096
231.70436227,4.61281045
232.00669589,11.57678184
232.10749923,21.76779947
232.2685871,34.3745016
232.31860155,58.16892197
232.4014308,10.81216714
232.61638563,45.58873248
232.68777268,28.81870714
232.99371149,10.30752279
233.05246008,48.34119231
233.54374115,34.87317191
233.80096892,47.63914599
233.8852076,9.54799468
233.94092922,53.36686322
234.43270846,9.63008709
235.02624886,18.63029603
235.03947715,36.66216307
235.15075321,25.74257472
235.25151698,38.13393387
235.25198269,10.90593958
235.28248016,43.74716082
235.56831803,7.63462673
236.42295329,36.08955755
236.63692444,8.90474583
237.01400696,35.25394617
237.23942778,51.30627121
237.60944004,41.65995447
237.61023025,8.10391847
237.96192182,40.03535186
237.96718819,44.79424099
238.36614529,8.3538193
238.36705579,43.34110914
238.38046294,8.29752885
238.78774205,39.4355856
238.82079281,8.38825489
239.18625618,49.38824423
239.2561382,38.38070029
239.27744565,38.84867737
239.42307607,11.45030522
239.44226036,43.94068224
239.52417778,50.63220614
24.13275635,13.62846304
24.16847495,23.94692429
24.27718909,23.98191646
24.57004515,25.17225252
24.64733572,22.08943137
24.73882862,25.94315819
24.74504912,-1.06633128
24.78182109,-8.2338185
240.15874076,45.91612631
240.20080181,52.60031753
240.76600767,47.19605809
240.79949312,53.01772651
240.8458461,45.09414816
240.9201173,53.35771099
240.9728058,42.58007139
241.44943216,51.78128214
241.6009618,4.3601131
241.68462773,11.53783097
241.72341701,43.68732423
241.9429773,45.09656503
241.95725754,37.75892524
242.11469867,32.24438068
242.17147537,43.20574734
242.43732368,51.20016899
242.55374755,54.59202118
242.75511714,47.0677925
242.85853005,41.09345725
242.92928682,53.91112241
243.08208016,54.95970541
243.17753005,27.09202149
243.22097845,48.23655596
243.23984024,52.06494447
243.25980945,29.21728569
243.26822574,32.21475614
243.33526215,44.56729604
243.71337885,4.16092039
243.75761339,31.05647168
243.81468894,26.76708608
243.86559095,9.02789068
243.92672061,10.70926507
244.03863552,16.46788222
244.27583819,49.20418662
244.35201009,20.17626741
244.52055668,31.07448155
244.70266458,54.89852424
245.0168234,18.1535169
245.03771335,27.89984318
245.10835252,28.02851359
245.10841519,12.47160138
245.13136398,30.6820304
245.16012588,35.39205313
245.16832401,28.0093128
245.40926436,54.81398441
245.63017433,31.01291727
245.66050791,54.85267942
245.76213629,42.18117425
246.0159722,52.8050701
246.03810725,44.33441389
246.08591448,33.23147314
246.13258866,32.71536498
246.1340708,56.87445623
246.17791809,41.96629595
246.26794513,35.0579204
246.64589942,50.2209273
246.87507576,43.68069123
246.9061144,42.78870492
246.99037408,42.17765016
247.06285862,37.53408092
247.10099803,53.78080279
247.23118361,24.15831791
247.53732442,33.69750347
247.73590321,15.49467875
248.18284032,15.20798664
248.2333078,14.01872133
248.4445072,47.56148743
248.50558189,41.58737216
248.5197276,36.92847993
248.90050314,36.91121353
248.95824416,48.34283043
249.15783202,20.10515345
249.27059651,50.56624987
249.50373655,35.75242929
249.63562641,45.77947267
249.64190669,30.76166119
249.65464694,34.65194571
25.08240191,9.1077471
25.09944942,0.31750821
25.25403118,-8.69742537
25.27940187,34.25383268
25.54296095,1.1622642
25.54896905,0.63591464
25.6283109,0.69856844
25.63349496,-10.39934322
25.66541031,21.98797341
25.6706615,31.03746926
25.74288909,34.42386995
25.75057816,-3.89983444
25.75149099,21.35534337
25.88913018,-3.93074431
250.05394338,36.9008991
250.18871605,43.96984442
250.48253053,34.69781525
250.92214566,36.878267
251.57565889,51.06595793
251.69649605,19.94162482
251.89394844,39.46843008
252.15405615,26.85495428
252.26549259,47.16425497
252.59553583,44.21779275
252.81642021,44.0220456
253.08053731,17.60116636
253.24751714,45.08890286
253.39547663,29.69132918
253.55236352,29.67869309
253.87633603,31.16029189
253.93909414,35.37566335
254.09591284,12.01705865
254.19968085,35.89298868
254.2431762,37.20234382
254.28060769,35.79892634
254.49389612,21.34420339
254.51542158,28.55756756
254.61099281,28.61451424
254.78659039,35.89476738
254.87729021,35.9953587
254.95292887,36.31653037
254.9864954,37.23256785
254.98836346,37.39266457
255.01741602,39.77699073
255.1739807,34.24631402
255.22003725,36.36668784
255.57954979,35.17625332
255.71121961,44.84690064
255.87097006,40.09735294
255.88302733,36.27197352
255.9071627,44.30902337
255.94305976,36.02349141
256.03889467,38.24645596
256.19186442,34.36417543
256.23684449,32.37594368
256.26834983,34.93461827
256.35346099,33.49784183
256.37748958,37.93658079
256.39463495,25.09349892
256.4738413,43.24835141
257.10694976,37.22950487
257.13429699,34.76070249
257.3668419,33.45611589
257.50346337,40.0424474
257.56785854,36.08354779
257.60260543,40.71803279
257.66078119,24.02822724
257.67824111,34.93753952
257.91691574,32.42989456
258.00972194,31.18236216
258.16369359,28.28751095
258.19485079,-12.82800797
258.3153209,37.09459673
258.31844462,-13.47171153
258.40475813,42.06485474
258.42111001,-13.40321467
258.42588618,-12.82968048
258.44978252,-13.45177913
258.4532481,-13.53447038
258.46169472,-13.66624076
258.47532453,-12.74012303
258.54435858,-13.51574482
258.55202018,35.60404761
258.55513884,23.67186901
258.71657134,-12.98635449
258.72399637,-12.15618054
258.76582875,-12.13350582
258.77445828,-13.34166675
258.86503892,-13.18880463
258.86693784,38.88645312
258.90857107,36.56358048
258.91463348,-13.16389546
258.92842037,35.42438072
258.93197901,-13.27107317
258.97664691,32.64704219
258.98583256,-12.26328402
258.98957797,24.56086234
259.06147913,-12.02435098
259.06669398,26.27080702
259.07339131,-12.22276374
259.08586501,-13.1449114
259.11323646,-13.41443982
259.12226494,-13.68379586
259.12758225,33.01779337
259.16015148,35.7602838
259.17891618,-13.61098934
259.20268554,37.80578632
259.21166597,30.33020805
259.21301844,-12.60056479
259.22099674,-13.14480834
259.22537053,30.76771785
259.23037963,-12.88255264
259.26678244,-13.4859498
259.27791036,26.12391975
259.29770535,-13.40120136
259.31494991,42.26121954
259.32660213,-13.37265414
259.33465506,-14.11065414
259.34301133,-13.13881995
259.35926213,-13.7551606
259.37862744,-12.62553195
259.38223201,-12.84450811
259.40848147,-13.6243266
259.42450772,-13.15730586
259.42613074,-13.50516993
259.43521691,-14.21114616
259.44452698,-14.24971725
259.49060552,-12.73433508
259.49776498,35.78855842
259.50455566,38.76665799
259.50701056,36.75450855
259.53791254,23.63898329
259.58954945,29.85500781
259.60886794,-13.05282115
259.65726519,-14.43407233
259.67381399,38.85947013
259.71896901,-14.03217699
259.74083544,-13.59376208
259.86928322,-13.69925732
259.87346885,-13.66815083
259.87741887,34.07987625
259.91537406,-13.48092304
259.91700862,-14.24994813
259.96160185,-14.22883971
259.97063476,-12.53780974
26.14135445,-1.17219647
26.23351262,-0.72763085
26.56653733,26.83629294
26.64880391,17.49488133
26.65522283,-3.01089519
26.67121554,-0.32002102
26.69857127,-3.80065149
26.70289183,13.83911467
26.89769851,9.29141723
260.01792704,27.68953039
260.02289779,-12.61572716
260.02655098,26.47744822
260.03028667,-13.16890038
260.05810008,24.37285035
260.07175028,-13.18611637
260.07806412,-12.45864629
260.0887086,-12.58467326
260.14606703,-13.22577202
260.16852294,-12.57625316
260.18104288,-13.60154022
260.19771369,-13.87094673
260.30468685,-13.33057331
260.30891149,-13.47532338
260.31840431,-13.8422184
260.34824195,-13.8236534
260.35903833,-13.40945342
260.39473306,-13.02003468
260.40346378,-13.88335491
260.42614986,-12.35120951
260.52733133,-13.28441272
260.66172125,37.87862398
260.70606677,-12.73733914
260.73617706,-13.73881652
260.74412339,31.48039778
260.81483777,-13.24092151
260.83041723,25.38627588
260.85638994,-13.09884738
260.88147581,32.91774351
261.14940736,27.44475102
261.3747611,27.36463527
261.50455739,26.30270894
261.63254124,26.6013245
262.17390898,26.28579911
263.21139926,27.1252792
263.61912403,7.7422227
265.20339235,63.93560249
266.41377361,26.39009422
27.11601916,-3.92354175
27.1738415,16.26466711
27.20691434,31.02513149
27.21699203,13.97027778
27.29130998,31.44247778
27.29600006,-0.797359
27.32357945,0.78479723
27.56026285,-3.35101038
27.65356942,13.82190014
27.72727552,0.16031398
27.79789991,33.11482481
27.84727769,22.98932511
27.95372493,5.28021145
27.96344365,20.37907114
271.26607683,23.57388577
276.19033249,21.85895401
276.41922154,20.96728958
276.83166055,21.57906127
276.83602,21.23442885
277.29464535,20.32594685
277.49691531,21.74633161
277.62575077,21.6508974
277.7424766,41.47394875
277.86712774,20.82004011
277.9334627,20.86771916
277.99639281,20.13546638
278.03054081,22.2136622
278.04383325,20.9265045
278.06243052,21.00943224
278.25891209,20.4038795
278.39017585,22.25564769
278.45036721,21.80058471
278.46154191,20.37343697
28.02769273,29.75341975
28.34159441,32.24837649
28.38037416,26.54483918
28.3985715,20.80322311
28.450445,22.21455218
28.47873054,20.79807327
28.52828477,15.48060157
28.5717886,-0.0252654
28.69741678,24.57496815
28.72354936,0.32724146
28.73159642,-0.5503818
28.81017604,-0.68561423
28.87292993,2.65036715
28.8863378,-0.36099216
28.89097598,0.81034114
28.92704272,0.55919827
28.93110732,12.80750404
28.93230315,0.19000203
28.94901112,-0.77944152
28.99071887,0.12610016
28.99221276,-1.01685653
28.99762728,-0.56785966
282.11961138,18.60549805
282.16212443,19.10648282
282.19500341,19.48171033
282.20647792,18.5878755
282.21309097,19.65322305
282.40650049,18.93783455
282.44464991,19.62940349
282.48465398,18.47388664
282.50495221,18.26097204
282.596247,19.24846556
282.70014552,19.57432726
282.82146064,19.99769518
282.86925319,17.87202528
282.87795586,18.48882873
283.08905145,18.44116987
283.13440158,17.89549035
283.15616185,17.73149752
283.17875536,19.63878357
283.24593095,18.53293219
283.34662461,19.01289619
283.41972379,19.68878198
283.45031212,17.5140629
283.81357993,18.04825413
283.91079364,19.33100114
284.15590167,77.92313853
284.25766417,19.61191353
284.60155248,19.44544503
284.84576625,18.78161155
286.68486666,38.09108833
287.32724838,38.03242611
287.85994747,38.48984085
288.79768331,37.62656062
289.67666441,38.72777477
29.00631818,0.86466757
29.01631963,-0.10999031
29.04075091,1.10428982
29.10207597,0.40361752
29.12253265,-0.56459763
29.16452287,1.03479482
29.20765855,-0.56716989
29.20851446,1.22039838
29.2149555,0.81499778
29.22274392,0.37898987
29.2279888,1.11815638
29.2367552,-0.77289003
29.23815704,0.49453264
29.24570348,-0.55342709
29.2557357,0.5991576
29.26891244,0.4290851
29.31120417,-1.11762721
29.33446786,0.73425106
29.33585402,-0.08869662
29.33660183,-0.62202257
29.36958996,-0.00021767
29.37663905,-1.03780569
29.38534858,-0.14239982
29.40620473,-1.07293577
29.41004507,0.66873648
29.41712634,-1.10298718
29.42117382,24.4842953
29.44731531,0.5439243
29.4667049,-1.08763364
29.49755562,0.62414265
29.52684668,26.52454561
29.53148283,0.36101504
29.54357171,3.40566501
29.54761166,-0.90628107
29.56783306,0.60574444
29.57675302,0.14396006
29.5886101,1.16653672
29.58945753,0.01741218
29.62727462,0.7913092
29.64771772,-0.87944727
29.66207058,1.4460495
29.68088161,0.9266936
29.70854971,-1.07544611
29.70972975,-0.42630214
29.7275635,-0.86738184
29.73559701,-0.24116831
29.82324571,1.04536363
29.82699401,0.36845021
29.8349956,-0.87903954
29.83612176,-0.84966579
29.86451353,0.92390584
29.88527074,0.85250493
29.89057511,-0.6277553
29.89709741,-0.58286494
29.90750297,0.27443512
29.9120989,-1.03179559
29.93421388,-1.40944367
29.93672485,32.86907067
29.94855022,1.47074266
29.97766499,-0.90311916
29.98286862,0.53264233
29.98308741,0.46700859
290.29761168,38.30806705
290.65668399,36.86637693
290.87966308,36.46562319
291.21742532,37.36434105
291.34613169,37.37881426
3.00634521,24.37201813
3.04026724,33.56563788
3.11391711,21.36178415
3.12381481,33.76128428
3.23343565,33.65439797
3.24078714,33.30344011
3.65272198,22.92679908
3.93406304,35.04094717
30.00743637,1.17669763
30.0391646,-0.46211056
30.05918179,0.96366798
30.12435067,-1.47427534
30.13085504,-0.86330709
30.13936277,-0.17735794
30.13937334,0.02430421
30.15737895,-0.2170729
30.18001255,0.52050348
30.20585904,-0.13707096
30.20673211,-0.97457257
30.21290287,1.20038737
30.22316072,-1.16955528
30.25117304,1.27485574
30.27722439,3.13116033
30.30087972,0.61673106
30.30712339,-0.48654449
30.33630832,0.2562636
30.3384601,-1.20072476
30.3670247,1.14434125
30.38230947,-0.7330094
30.38637358,-0.08587466
30.38996081,0.15862632
30.39064474,7.1269156
30.39234996,1.2493013
30.3991677,-0.93773776
30.40837579,0.76954437
30.41044643,-1.018852
30.41289579,-0.74687818
30.41738994,-0.95895316
30.4476945,-0.98677709
30.47623687,-0.61520158
30.50520184,-1.20687913
30.5114439,0.21243818
30.55234362,-0.5012145
30.60553567,-1.21378185
30.60809328,23.218103
30.63888768,-0.98175046
30.67785245,0.87470697
30.71958128,0.0394974
30.72811526,-0.48663738
30.73714822,0.17288099
30.74068154,0.35806247
30.74763386,0.52456714
30.76005668,-0.43950873
30.77908831,-0.41096763
30.78283696,-0.70222976
30.78519444,-1.07281843
30.80057365,-0.1899046
30.83439701,16.91830887
30.84505205,3.52929947
30.86073061,0.82648431
30.88722207,1.18870964
30.91567082,1.13692735
30.92875292,-1.40514041
30.93668426,-0.6088265
30.9762592,-0.84445794
300.99737636,59.4388915
302.19389548,77.12209334
302.23460834,-12.70811243
302.27500161,59.76045579
302.82412472,-11.48680604
303.21733364,59.36444424
303.27353064,58.6185725
303.30373536,59.56854226
304.22289653,59.4475721
304.51398328,59.63079912
306.90688538,12.68668337
308.80231097,15.84278945
308.87410541,13.72155085
309.72218899,56.75411782
309.78269037,56.57637789
309.79842489,56.30794465
309.81187052,56.59086741
309.84405318,56.75326553
309.94393236,56.42831248
31.00523883,0.26925878
31.01957401,-0.21393931
31.030937,0.70791375
31.05190689,-0.21112157
31.05763061,0.63724259
31.06628581,-0.23938962
31.07288179,-0.48343766
31.07788716,0.35341011
31.133446,0.39374609
31.14055027,0.51769752
31.14467062,-0.28711983
31.15620229,-0.35913917
31.18925013,0.08540313
31.19036697,-0.6905041
31.20928016,26.27437002
31.29294925,-0.58552638
31.53078928,1.8063478
31.64423266,-0.7739175
31.80035031,-3.83006689
31.8171948,6.87746386
31.84272329,6.37302745
31.84783381,6.79973446
31.88289226,6.17529672
31.89593514,31.78213099
31.91072597,7.20043506
31.91903327,6.69339645
31.92347246,6.38173565
31.93625905,7.23459395
31.94120158,6.55888164
31.95582174,7.32456041
31.96108883,6.45614593
31.97246715,6.85819289
31.98455581,6.94235266
310.06893854,56.05178146
310.07413451,57.24584553
310.22646229,56.29294826
310.32940444,75.33977617
310.5159519,56.1585651
310.69705751,55.9844513
310.73523024,55.95721073
310.74945492,55.86899382
310.89124695,56.08910245
310.97758855,57.4582799
311.03227285,57.64951529
311.05491271,55.72725632
311.06288155,55.67447613
311.06325296,57.03406451
311.08053691,57.18425444
311.15328819,55.81635168
311.19698336,57.50888011
311.2571871,57.75528643
311.25892514,56.27819107
311.30134214,55.5463795
311.43578222,55.4974735
311.45829399,74.78986448
311.46565084,57.82162071
311.47007616,56.94406663
311.50614367,56.06304793
311.51590461,57.08877399
311.57885645,57.73172811
311.58416758,57.78094412
311.59050857,14.87159952
311.68661311,56.1365802
311.6962522,55.89427031
311.73507459,55.53353144
311.78434336,58.03240416
311.92350773,55.59520424
312.0017799,55.91787289
312.02808876,56.58782433
312.15811319,55.46982706
312.17074316,56.91371298
312.18558176,77.07263691
312.19509776,56.06490026
312.22553462,57.53365592
312.39925486,57.41943825
312.4066709,75.1162473
312.6377159,56.24809536
312.68166621,57.42398571
312.69839982,57.73776633
312.74064715,56.26833637
312.98662327,56.61448897
313.10535558,75.20434232
313.13314048,15.23053698
313.2023348,15.14026536
313.21461791,57.70626924
313.2178171,56.4013593
313.27713768,57.62947914
313.31889804,56.36266469
313.36941793,57.4241447
313.47099969,56.07996565
313.53220927,57.65167043
313.5651264,56.41846977
313.76398742,56.28089334
314.08607781,-6.59498912
314.13814033,75.14302984
314.22228128,75.48874004
314.29898709,75.64685904
314.51416213,56.48576384
314.61715255,56.56513061
314.63686125,56.49146837
314.71442927,56.95022981
314.74352853,57.1479699
314.78603392,75.47792819
314.85367217,75.18296215
315.00922404,56.82342977
315.03616447,56.63907398
315.6529277,75.61055922
316.22461079,75.38072741
316.53496714,7.78219693
316.66784197,8.00122054
317.09833942,1.1583934
317.55211769,4.81597058
317.61399201,0.86085178
318.05390454,6.27881265
318.44063486,8.35413706
319.16335298,9.42162129
319.43053683,1.87871896
319.61375401,0.03079268
319.79552472,74.12453199
32.00049438,6.42255481
32.00644459,25.23870288
32.02110611,6.67181048
32.06883233,28.21542156
32.08018814,6.08169026
32.10235442,7.18902553
32.10649083,7.01382694
32.11822839,6.46817385
32.147033,7.29277535
32.15709903,6.07337275
32.15984979,7.07750222
32.17188845,6.58346068
32.17624225,7.38760119
32.18008414,6.16249623
32.18141328,7.52313372
32.18663596,6.67254332
32.2436251,7.59805311
32.26728259,7.57413852
32.27068,6.66243993
32.28127317,6.99987966
32.29051435,7.41049405
32.37971252,6.48432993
32.38136225,7.68483705
32.41255289,6.42130528
32.42781253,7.70101445
32.43933634,7.56574776
32.45688383,7.49178066
32.47996901,4.83721347
32.49746703,6.62577196
32.51168856,5.60476805
32.52311127,-1.70659773
32.55251991,5.77125301
32.55893159,5.63247613
32.58189898,5.98097171
32.60666218,6.87259146
32.60782221,7.25318706
32.61175921,6.08141293
32.62926364,4.1887553
32.6366658,7.47256929
32.64280301,6.88209411
32.6572761,7.08568487
32.66964995,7.52154975
32.67840355,5.43731871
32.68692841,5.51413307
32.75903061,6.60719994
32.77823169,6.43309093
32.78104904,-2.19957354
32.78764016,7.51451646
32.80345585,7.00473093
32.80653374,7.52454303
32.85358261,7.49886478
32.95173896,7.10433104
32.97199846,5.9921357
32.99163326,5.56151721
320.30387792,-1.47176346
320.43786779,0.15457882
320.48465593,73.8792379
320.57584441,73.8902229
320.5962197,-0.29266471
321.0345958,1.02940829
321.11646944,9.09184339
321.13777318,0.88236767
321.15893764,2.30015411
321.25126431,0.14296538
321.29477579,3.9585568
321.62812684,-1.7132398
321.6338598,7.14108455
321.69393215,-1.93267161
321.7073942,73.37480322
322.52594632,72.69176186
322.57146711,74.05135462
322.59664124,74.58733265
322.60837013,73.03332365
322.61390448,73.96003351
322.65633627,73.60139498
322.65636051,73.78162731
322.69055169,73.97545816
322.74669032,73.46606605
322.75811081,73.74030816
322.75973941,73.28265124
322.78748037,72.92622706
322.79872312,73.11950927
322.79902409,74.34656501
322.81453832,73.36463612
322.81631931,73.23601381
322.81644284,72.65008842
322.83139303,73.38558382
322.84098026,74.10358591
322.86836981,72.75493355
322.91591964,74.16093461
322.92003092,73.78611697
322.93424681,74.04448905
322.95253306,74.84792956
323.05280258,74.76639836
323.06177854,73.97768098
323.06294635,74.48052428
323.0805042,72.83086943
323.08702321,74.80356126
323.10109261,74.64350817
323.16245412,74.25093542
323.18295955,73.69716177
323.24896008,74.73363511
323.29455291,-0.85271174
323.38421321,74.04989468
323.42087361,73.42420322
323.44827927,72.67193489
323.45206815,74.0666275
323.47422802,73.16789822
323.50878755,73.20922113
323.58785456,73.56313927
323.59142588,72.45717349
323.60367111,72.98064482
323.60896695,72.66023218
324.0732129,72.26504619
324.09926488,73.27071542
324.6944877,-0.69098372
325.0398362,73.49374352
325.14577428,9.23983906
325.9205916,25.86508527
325.94811875,1.00209387
325.95959626,0.43324335
325.98853898,26.34944558
326.01268244,27.89409226
326.01866992,26.3974341
326.03978711,28.51361919
326.38709047,25.35275076
326.44243351,-0.74647795
326.56109776,28.26234096
326.7162937,26.65990032
326.83909999,-0.19199102
326.87527112,27.03215875
327.09140381,4.06381892
327.22769941,27.15023306
327.30899598,21.16281075
327.31963915,26.7394377
327.57559161,-8.22757912
327.58023241,27.62932656
327.63118529,21.94767341
327.67673856,24.72974677
327.8264527,28.14135097
327.97561702,26.32873318
327.9959663,27.38474912
328.09444153,28.12278225
328.11232029,27.63974691
328.20277168,22.13289119
328.24745258,73.45288745
328.28038479,21.83529644
328.28165308,44.86325375
328.29245231,44.71054262
328.3973362,21.42169315
328.40471449,0.61358077
328.58505405,45.09576123
328.59334039,26.16630264
328.59921555,26.23886371
328.60673892,21.75291158
328.62181702,28.28758671
328.62284533,-0.81047371
328.70629933,26.19513733
328.70895071,45.43789491
328.75738823,27.8573689
328.75935695,26.09949558
328.77841811,45.29778812
328.83888538,-0.49379042
329.01286718,45.23278067
329.01467325,19.42873106
329.11334443,45.83473549
329.16171184,46.09843035
329.20961131,11.20540278
329.25372838,26.44974485
329.26234548,23.22462168
329.27823337,18.09727835
329.29534345,27.9806398
329.2981769,43.91628613
329.31481384,26.34457456
329.34688677,28.6323315
329.40360087,45.07762578
329.44306808,26.33494141
329.48061571,26.32750023
329.48087848,28.15920414
329.49378781,28.03713779
329.49625301,21.72371318
329.5181207,10.99155112
329.5372252,23.37121954
329.5474049,28.55507766
329.57007072,26.53991706
329.58519214,45.63423169
329.61265894,21.13346603
329.67154022,30.82898487
329.69219603,24.47456071
329.70949566,28.65393943
329.84811101,46.26027047
329.8569369,28.80303196
329.86741744,46.2471223
329.87084666,24.6177322
329.92516207,46.15333767
329.93227686,26.76802745
33.01058989,7.4898328
33.01879072,5.42777619
33.02271453,5.937228
33.0287829,6.4586518
33.04106506,6.23739348
33.04117628,7.32530694
33.05870876,1.48229074
33.09482256,6.29950811
33.10025998,7.43489721
33.13703454,6.6728861
33.18099497,5.78762342
33.18224021,7.65471853
33.18810573,6.90497967
33.20826475,5.77420001
33.20977187,7.81826488
33.23403889,6.51455695
33.29304983,7.8583282
33.3036695,6.82526154
33.32538036,7.15849723
33.33519054,6.29349288
33.33695633,7.4130896
33.38625269,6.0049493
33.40953208,6.76221554
33.41552379,6.22781801
33.41633224,7.81226547
33.41905088,6.7445378
33.42381402,7.4318813
33.42406838,6.39206976
33.4299928,5.46661859
33.43500808,6.25502892
33.43991998,7.49505547
33.44611105,6.00858507
33.49055635,7.17187941
33.53123194,6.57196036
33.56318468,6.29540893
33.5920547,7.19171256
33.59384899,6.15163589
33.59462851,-0.39575491
33.69383195,7.80256865
33.75612942,5.64067241
33.77037409,6.07602852
33.79558152,5.57134169
33.79693347,7.42303502
33.79786522,6.56694416
33.8032734,6.64079012
33.80933558,5.79403498
33.81635125,6.43878308
33.90589246,7.44451131
33.99156403,7.38046701
330.00889386,29.58722504
330.01155181,45.98640996
330.02931923,44.0918554
330.12483926,45.58820532
330.12511825,1.20369048
330.13373119,45.50419979
330.14748888,26.94116707
330.14800862,46.05793877
330.20165522,46.43728342
330.20223096,26.96612719
330.22048077,28.81425694
330.23157219,26.98639186
330.23264158,28.04332825
330.27925555,22.41029851
330.29386942,27.13238455
330.33116536,15.50142798
330.37976739,46.32055586
330.38665413,44.77073998
330.39562167,25.33620897
330.42073896,20.94983228
330.44363425,25.38271461
330.46184411,45.83839848
330.4795966,7.4076513
330.51548334,44.42796028
330.56202841,28.83019081
330.56688119,28.38505183
330.59190258,25.44544539
330.60957343,44.5216381
330.61882874,28.12127883
330.645008,43.71059314
330.6924211,23.01400091
330.69279285,69.21576543
330.69723442,43.99867315
330.72886311,21.40222736
330.73859955,45.76192435
330.78241138,12.41720942
330.83560309,44.10581289
330.86762711,29.04029337
330.8781664,21.58811894
330.9040651,25.92076618
330.93773925,15.15206999
330.98144431,24.11298358
331.02461878,27.34520821
331.12474027,45.03569892
331.12666104,26.30441443
331.12672216,27.22994205
331.14008595,29.1944522
331.14211604,26.36085741
331.1611745,21.36193728
331.21156834,28.60571304
331.26991646,27.94568402
331.27151512,27.90654447
331.27629161,28.31830339
331.28469165,28.70715072
331.30080753,45.68498136
331.34714969,28.23620282
331.37189667,21.88994397
331.37348722,28.72913987
331.40715626,45.6474207
331.44529344,26.02233363
331.52345982,31.23353241
331.54394706,28.34691595
331.55419011,7.03591385
331.55449144,29.24298151
331.56250445,9.31309098
331.6198453,19.11941512
331.657788,22.57824391
331.66437145,29.62563893
331.70656394,9.81355955
331.70727753,44.07898038
331.82519923,31.11276668
331.83244225,13.55009802
331.92330897,28.5273091
332.07103421,12.688302
332.07308705,27.94014693
332.09796517,21.95702335
332.10696798,28.0834537
332.12488708,21.86411778
332.18085422,29.03768356
332.28276389,21.51455992
332.35794478,28.62595771
332.38264593,19.30023775
332.61782934,29.1673426
332.65894423,27.10639984
332.73020867,31.45995998
332.79629896,29.24808623
332.83769439,29.05850841
332.90149426,31.46686585
332.932101,0.80382677
332.93700494,26.55496635
332.97722173,29.11055575
333.04661521,-2.7149408
333.07665173,21.8343743
333.09642277,24.29970269
333.12290445,25.13845323
333.16621667,21.73743739
333.27600372,28.06517124
333.28842883,22.59423675
333.30141388,30.26745014
333.43106723,27.93617625
333.44380423,-1.71716583
333.49808687,13.35207777
333.52825607,68.84157315
333.5294137,68.23678846
333.53237184,68.73799147
333.53993071,29.4188995
333.56299253,0.1432002
333.57333632,68.25446951
333.61049756,68.45899052
333.61391463,-0.20504385
333.61927298,21.75776855
333.68658383,25.83238825
333.68777797,68.48199674
333.70718177,25.44186046
333.71088197,28.05976798
333.73791377,18.290943
333.74022299,28.71519297
333.75137364,29.27736073
333.75650861,27.59236744
333.76725421,68.23054975
333.77904948,20.51891362
333.81793331,28.49925726
333.82378159,67.96702235
333.8691025,68.73113534
333.89321114,28.8387327
333.9146492,68.56780741
333.95167038,28.56544337
333.95614718,24.73260572
333.96540534,13.15260474
333.97792019,12.96136103
333.99182508,69.69290757
334.04353172,68.5150784
334.04468816,29.75815593
334.05098121,70.0164745
334.09064153,68.94022722
334.12155974,12.59300286
334.12162806,13.90823193
334.14389473,69.87523814
334.17879,22.6943574
334.20392154,27.73086693
334.24303287,27.62829479
334.28659657,69.59451005
334.28661914,69.75479773
334.28747645,27.65807919
334.28835379,69.16308715
334.30248611,13.52258659
334.34260844,21.73523796
334.35231119,27.72040372
334.38645358,25.37593905
334.47053205,28.27986391
334.47509628,29.94238856
334.47671918,27.76273429
334.49965806,21.61335549
334.50047934,15.41270371
334.50579213,28.28989275
334.53125533,22.87301738
334.55540368,19.63024806
334.55790809,22.92400692
334.59561936,12.81302911
334.61335501,68.67799846
334.61901533,68.97944974
334.62551265,28.60194798
334.6260567,22.54106552
334.63586489,19.97074761
334.63663762,29.71326598
334.66441308,22.41443978
334.67668952,22.44113714
334.68998783,17.5180933
334.6915576,68.86629459
334.6977532,28.33458593
334.75037165,14.08178725
334.75955914,26.85468148
334.79405152,28.31689659
334.80360974,28.80894428
334.81819858,68.67225639
334.96149065,0.90578448
335.00570035,31.5534179
335.1286455,25.75981502
335.21139308,31.19605077
335.28911944,27.06538911
335.33686676,26.58401323
335.39006948,15.75699243
335.4831214,21.34521288
335.57931785,14.25069652
335.62176291,22.25603872
335.69382501,14.20645699
335.7209957,27.87074084
335.74052318,21.79132055
335.79089453,21.4267247
335.80520971,32.45920366
335.84913742,23.04554259
335.84967809,21.47834277
335.84999609,22.30638259
335.85374182,21.0423122
335.93836622,31.24674854
335.97093494,-8.59064434
335.98093036,19.47373474
336.09988096,-0.20193712
336.10875726,22.77830574
336.17541557,20.76104588
336.23126905,22.88527223
336.34402719,27.00954614
336.45162654,31.66018893
336.46403856,22.89701808
336.53548516,17.73656237
336.58165461,23.24825718
336.71227221,12.85322576
336.74750297,26.73714484
336.78180351,13.09250229
336.81874135,1.87493722
336.83051026,20.20139259
337.02101229,22.11881965
337.03242069,24.7875639
337.09902414,27.46116681
337.21864957,19.58603475
337.29643053,27.46385464
337.42505798,26.60957273
337.42649235,19.43149958
337.64244278,-0.73679455
337.64255832,27.5002293
337.85141761,31.9961575
337.8843949,15.89277415
337.92963432,22.4918767
338.18424087,22.97207761
338.23335296,22.61086819
338.24493564,24.93188645
338.29099842,27.28421163
338.33881659,-0.61219172
338.59327286,21.50294661
338.60439511,22.43504066
338.66208787,32.21318495
338.73696778,23.16535393
338.80474446,24.30463689
338.80702872,24.31998337
338.82508514,24.20262751
338.85554461,24.29390959
338.89801845,27.63507347
338.90468711,29.9449826
338.96221612,28.49579557
339.16450827,26.50769633
339.17063078,30.14070862
339.19928135,16.05989483
339.20324889,32.65940262
339.24646336,28.69739503
339.32210374,29.18764216
339.33310179,29.23231531
339.37085198,15.54460339
339.47070171,15.96515033
339.50898765,22.51216526
339.53324905,19.10111281
339.53988535,7.00149723
339.56813541,22.09711271
339.57759327,22.80064685
339.59639111,17.68398128
339.60041176,32.43841928
339.67374893,30.28905624
339.71835484,4.64821296
339.73758731,25.65693185
339.74027877,32.55953405
339.85117129,17.86915373
339.85206914,32.84598331
339.8895927,22.39839998
339.96906555,31.91277267
339.99371816,25.70222146
34.00441275,5.59586767
34.04176108,7.46605743
34.05483466,7.10213267
34.05897754,7.02268869
34.09928672,6.18724374
34.13365953,5.8810028
34.13680789,7.01490878
34.13755065,6.81124214
34.15866992,6.24304024
34.16984538,6.68476944
34.17493637,6.28055335
34.21685754,6.40351133
34.23614523,5.69421471
34.2402923,6.57221183
34.2955296,-0.2774174
34.35873067,7.1021994
34.38465817,6.54962402
34.40968372,-4.18188009
34.41360489,6.5563257
34.41730005,7.06117229
34.48043823,-0.52759697
34.54293396,6.779979
34.56135428,6.33943085
34.58412029,-0.84035214
34.59834691,0.72718558
34.71072608,-0.99516185
34.73520677,0.9202763
34.75720506,-6.1120397
34.78307078,-4.77180644
34.81972676,-1.00512544
34.83234711,-1.14363094
34.83922539,0.82144194
34.89789833,-4.07720151
34.89919213,-0.97916977
34.90456295,-1.03563492
34.92563713,-0.60924731
34.957566,-3.12143918
34.99041045,-1.00407385
34.99332484,1.0313051
340.0245224,-0.32137093
340.10241347,25.88933726
340.17711992,31.79964556
340.23468287,31.93284273
340.25673044,29.5809884
340.28545076,18.4964631
340.3176523,23.2551793
340.46083425,17.93074195
340.50493392,-0.35600386
340.52680068,32.6941715
340.5426866,31.18520669
340.57459848,22.28476241
340.84118966,7.20857293
340.93172855,32.62975636
341.05077068,21.98369848
341.0786643,31.68088057
341.16586129,23.16379489
341.17080749,18.05418604
341.17168568,32.73628363
341.3261408,30.67390136
341.4834205,22.66272658
341.54100461,32.45012279
341.70250742,30.1860232
341.85279563,-1.03540449
341.86441768,9.15214667
341.93911111,18.5331276
342.101596,-0.54913383
342.37325192,0.45824108
342.39042359,30.29816833
342.42093795,23.07892714
342.48561106,28.91783572
342.85984608,0.35607666
342.9181537,23.03467915
342.94542995,21.62064926
343.03046863,30.83936659
343.09418731,29.85401368
343.12598194,31.42618493
343.31843241,28.75720127
343.45632436,27.7421815
343.46634382,21.25614921
343.94794436,28.33087908
343.94878783,0.42943399
344.02301923,17.92002639
344.16769545,27.42179091
344.39890506,26.69678221
344.67639213,29.25369298
344.72250671,20.62672796
344.78393521,15.27445808
344.80431338,-9.15214727
344.92196,18.83972181
345.00576388,33.4967708
345.02350754,14.10901947
345.06999408,21.92422405
345.26634273,20.60280695
345.27940586,23.9238125
345.29751415,-10.67612623
345.43539477,25.97176275
345.6061302,26.14242084
345.65378961,19.63597306
345.71144134,23.46993164
345.75334982,33.07291353
345.80740545,31.79949232
345.81157626,6.41958897
345.93707129,26.9124633
345.99119265,28.41909315
346.0502504,25.40831508
346.83597123,18.86683099
346.91532873,17.63684522
347.09291391,18.69024779
347.2485116,-0.71033951
347.56096128,21.04042309
347.6596261,33.74071833
347.66384647,24.07268596
347.69048336,-0.37022634
347.80952935,1.45472261
347.81567744,25.65242541
347.89171412,13.57482239
348.10022718,-0.81431048
348.27595875,26.76413245
348.31832245,-0.4890011
348.39143259,28.7364659
348.41185834,14.7017874
348.64000567,2.03966356
348.99892033,28.68077193
349.121829,28.89395906
349.28795727,18.54809907
349.29224716,0.74073986
349.39867889,20.9807073
349.42759556,26.10427228
349.43376232,25.4328222
349.59446252,3.53410569
349.75907883,19.31499865
349.82624614,53.23602403
349.96258711,0.44219865
35.01790054,-1.03926135
35.03804935,-1.059056
35.04837373,-1.15442638
35.06222508,-1.12118129
35.0709354,-1.19048156
35.11789566,0.03194922
35.16945904,-1.3620488
35.17873607,-0.14687616
35.19536354,-0.63387358
35.22298079,-3.63474924
35.24985962,-0.45117398
35.28014918,0.56672982
35.30145072,0.60644919
35.33306871,0.20058393
35.36286769,0.53998645
35.40918724,-1.41444386
35.41463471,-0.73739818
35.42456731,-5.02523621
35.4439134,-1.08518798
35.53679681,-4.89552459
35.57656375,-0.1356428
35.61820714,-0.06895922
35.62773523,-1.45123291
35.63205644,0.00885315
35.63745104,-0.93240812
35.64453835,-0.61139871
35.66124842,0.46928093
35.70152542,-0.72333404
35.70216429,0.29059185
35.70979833,0.70858834
35.71736283,0.89515054
35.73853081,1.33674142
35.75058108,-0.80246346
35.75508634,1.41671223
35.77926258,-0.99306991
35.83213983,-1.06265944
35.85901418,0.52766188
35.85956697,0.00406278
35.89428309,-0.24127477
35.90404535,0.86040916
35.93363921,-0.28968844
35.9491252,-1.14212854
35.96167898,-0.99265085
35.99242307,4.59481545
350.14660669,22.44028799
350.23952208,25.85296081
350.31260587,26.51550863
350.42493563,25.11919717
350.59480181,16.26754931
350.6694712,18.51831065
350.72835537,19.4479505
350.83121641,27.23671138
350.8527871,33.10152785
350.96138623,16.90129362
350.9972469,29.48815054
351.16451498,14.44602447
351.35784737,9.73738793
351.47754235,15.32557681
351.67579582,31.10365753
352.07109521,20.84806075
352.10276061,29.76930511
352.12152335,32.63573907
352.15007954,-2.7323542
352.22635282,11.95441934
352.23425575,18.73609136
352.25262967,52.90020416
352.5090463,8.2446819
352.55815497,35.11678403
352.73438183,32.14197739
352.79553969,26.78207015
352.89524747,26.90100378
353.03491257,31.59808471
353.04346246,28.65978227
353.15728072,7.45266338
353.24332734,32.00220452
353.2444377,20.82021048
353.72328012,33.36716453
353.74477865,27.51589864
354.01517629,24.38332341
354.01859424,30.97168996
354.05936863,6.20025039
354.33066375,17.91378353
354.42784729,23.2808748
354.76051991,6.28279078
354.769422,26.66639831
354.82921277,28.39368875
355.10055423,34.69574705
355.26985941,27.80451853
355.32184281,31.61437102
355.48979487,33.10872611
355.52613495,23.57504992
355.53671168,25.83566884
355.67897428,27.14466944
355.81912973,24.85940179
356.07397517,23.56665453
356.16810329,24.75441863
356.18061452,39.28979082
356.94605584,25.58038228
357.07490053,-10.35905891
357.2829334,43.08185135
357.32962416,-9.63512142
357.55092375,43.05808259
357.70320839,26.3249492
357.76555949,22.88125116
357.87252518,27.35905308
358.03091222,57.16117905
358.07886704,14.68980126
358.0978719,24.81525221
358.20557508,26.53884921
358.24462451,35.55794281
358.28110158,34.8016705
358.29311698,2.75710864
358.40090072,33.62538863
358.50493336,15.14250511
358.54814657,-0.93705172
358.58623794,27.56666714
358.64289595,32.18910084
358.69975864,30.04741889
358.72293055,25.95013689
358.91780507,29.28703159
358.96115483,29.74521233
359.13225137,31.43211568
359.1662404,-4.88183387
359.20444951,29.6980619
359.21388304,-9.66409575
359.37505446,33.62872584
359.86489636,7.85362053
36.01298528,-0.67657368
36.02009762,0.13773673
36.02805747,-0.20586647
36.04086907,0.06369873
36.04143094,0.29852169
36.05880195,1.0381493
36.08371361,-5.50777106
36.10593345,-0.04640442
36.1124752,-0.61565397
36.11443355,-1.07441864
36.1149944,0.42036389
36.11611977,-5.55925666
36.13116757,0.29837121
36.1404209,-1.0833992
36.15116588,-0.04905611
36.16402855,0.37632991
36.16564983,-0.3401032
36.18234866,-0.43492413
36.19406398,0.20259126
36.22138093,0.90491915
36.22622485,0.41835616
36.25775301,-1.37110514
36.27480968,-0.34858187
36.29721392,-4.55058835
36.30356704,-5.37170568
36.31341026,-0.9560833
36.31983883,0.65482093
36.33009655,-0.497498
36.34555154,0.53158342
36.34871453,0.06098807
36.42517718,-0.09442241
36.44931889,-0.83989429
36.45535616,-0.89598166
36.459049,0.04036097
36.46459146,-0.29062135
36.47035347,0.71583826
36.48442907,-1.031939
36.49388762,-0.08884349
36.50577681,0.91656688
36.52286691,-0.1641849
36.55781973,-0.10307338
36.55830695,1.03569063
36.56950446,-1.17955684
36.57720898,-0.60754098
36.57725786,-3.84739613
36.57809423,-1.02600043
36.58877566,0.98248381
36.6426922,-0.69236741
36.64582378,-0.46647397
36.65367411,0.63110253
36.70884616,-0.27120508
36.7139472,-0.46250771
36.74031413,-0.11585254
36.74682787,0.68553338
36.75022173,0.24546528
36.83509118,-0.38058055
36.88368813,1.8530332
36.9092779,-0.28811718
37.05592151,-0.59023501
37.07208349,-0.38328652
37.11287494,-0.52776359
37.11874047,-0.06990037
37.14495006,0.01748851
37.16514372,1.28917382
37.62542997,0.00462315
37.63620088,-0.03952276
37.68633474,-0.26093111
37.72625407,0.0086191
37.7719978,-0.44479278
37.88430648,-0.54938348
37.90550716,-0.12664993
37.96457046,0.37957453
37.98094344,-0.95380712
38.03360329,-1.90268633
38.03430331,0.08280776
38.04599381,-1.07485404
38.13205977,0.3130705
38.16717854,-0.08136955
38.18390872,0.62390569
38.19077636,0.30721292
38.19848252,-0.88332273
38.20867878,1.11588014
38.2214781,-0.1020415
38.22419439,-0.61486262
38.23360659,0.18761962
38.23747041,-0.23257001
38.2666821,-1.22750671
38.33414413,-1.10504763
38.36755417,-1.1602
38.37630629,-0.14840076
38.39866657,0.93813084
38.4024221,-0.63898913
38.43840328,-0.00755339
38.47136589,0.94207506
38.48160606,-0.44318603
38.49735639,-0.74428813
38.509192,0.09730846
38.51194552,-1.12765371
38.57080989,1.19530219
38.59783351,-0.37889294
38.62011704,0.13048904
38.66014487,0.86265195
38.67043636,-0.22266116
38.67964869,-0.17519468
38.67975082,-1.21464285
38.68005367,0.08842459
38.70003294,0.50174788
38.70272715,1.3950546
38.72085081,-0.57558522
38.75250315,-0.95049597
38.77369816,-0.55870969
38.79405139,0.96759216
38.81808414,1.32459673
38.86924344,0.66508665
38.90875972,-1.35335646
38.91373065,1.04086081
38.96542839,1.48106657
38.97584276,0.19689192
38.97616405,1.15489503
38.97987789,-1.25729894
38.99426506,0.19421392
39.02146484,0.74249804
39.02229441,-1.45076586
39.02267191,-1.34779255
39.03214917,0.68963311
39.06236191,-0.34052288
39.10138211,0.43477456
39.10414645,-0.605626
39.11883631,0.66883856
39.12292217,-0.77549398
39.12541761,-0.67947755
39.13607437,0.73890816
39.14585246,-0.48549392
39.20174212,1.05755147
39.20768618,1.01742881
39.24024515,-0.09606654
39.25203535,0.14422369
39.30369981,0.2506615
39.31651761,-1.35037767
39.31837559,-0.62019828
39.3450018,1.23485875
39.41045463,-1.07230646
39.4369244,0.8718641
39.45740072,-0.91492085
39.47065169,0.16945776
39.47768615,0.00491817
39.51860494,-0.8222668
39.55426492,-1.0347888
39.56350338,0.68551601
39.57095178,-0.04984101
39.57138026,-0.53079821
39.5742439,-0.08891957
39.59588449,-0.3955132
39.61020855,-0.12669582
39.61489593,0.36451824
39.61595372,-0.92005849
39.62319574,-0.9660238
39.64139528,1.18666821
39.69801815,-0.11844916
39.70978574,-0.41168275
39.72921678,-0.34148456
39.73554546,1.00458093
39.74008533,-1.02826643
39.75408632,1.03992786
39.77302676,1.17813778
39.7895468,-1.00003087
39.83344364,-0.52115117
39.84335137,-0.71288874
39.89577785,-1.09512621
39.89918405,-0.96382337
39.92518895,-0.28087975
39.93331948,-1.13608076
39.94334971,-1.16520162
39.98057001,-0.98111211
39.98988587,0.13419496
4.02347447,33.54144931
4.06053936,35.53402114
4.15707228,35.93554895
4.24661136,27.34808136
4.34360347,28.00461357
4.56354522,-2.24555869
4.59382154,7.0368806
4.67710291,27.44342508
4.76080413,31.99171717
4.80486724,32.27751458
4.96504687,31.53073434
4.9767882,-0.34110208
40.06600201,0.18404076
40.0761374,-1.12150579
40.1096747,-0.18494097
40.11315702,28.13638335
40.1179805,-0.08464787
40.1533974,-0.31105516
40.16997662,0.25975318
40.18932045,0.30565187
40.20500834,-0.61250307
40.21341705,-0.42865375
40.22489856,-0.60038151
40.26788593,0.36337351
40.37313678,-0.24915615
40.37863097,-0.63787501
40.40151419,-0.50621263
40.42130114,-0.0836839
40.44288906,-0.09066259
40.49746856,-4.4283137
40.73468907,27.39006683
40.9922609,1.53874898
41.16432183,3.21168019
41.20371461,-2.96674938
41.82158012,-3.59573632
41.84131609,-1.24371667
41.99356035,33.71295159
42.08832377,33.88913
42.13880122,34.17037401
42.19064763,33.86181472
42.19768618,33.91166697
42.24781929,33.60687559
42.27532471,34.03962747
42.37248962,33.59277909
42.40843338,34.69317793
42.41805099,33.53187621
42.61535042,34.55357874
42.64378835,33.3947054
42.69959037,33.77448666
42.77837192,34.76444361
42.78163988,34.64296156
42.78719539,35.20375148
42.82511887,34.69186994
42.84426251,35.42404493
42.88788056,33.34731095
42.93342144,33.90352626
42.9447757,33.08269093
43.01673899,35.47775874
43.06868338,33.79810398
43.06983395,34.42112811
43.10211902,35.62768503
43.10338426,34.66492319
43.14459395,35.58333888
43.17469858,31.25784742
43.20732918,33.29201539
43.21028066,35.75783739
43.2955999,34.39065401
43.31386452,34.34493425
43.34285057,33.09577099
43.34451669,34.28769246
43.36053564,35.18163144
43.36613245,34.00075166
43.37934718,34.49826545
43.40170937,32.86551028
43.4048774,34.16484772
43.43247378,35.65231423
43.45239537,33.84315818
43.46087639,34.42467259
43.48226575,33.1259912
43.49052338,33.70895192
43.52403963,33.7916758
43.53313288,34.14305343
43.5661083,33.23298992
43.59345423,33.10863378
43.59840678,33.04061758
43.61211107,32.88423717
43.70132589,33.69059578
43.74456852,34.64819434
43.7758326,35.5805605
43.78488231,34.39339245
43.78877211,35.1691839
43.79154587,33.27450974
43.83021182,34.69677214
43.8702951,35.54903961
43.87316448,-5.59941207
43.88533564,34.32400769
43.90819648,35.65897313
43.945241,35.19046568
43.96893731,35.36836786
43.97474131,34.19219177
44.01559647,33.97903873
44.01813569,35.51617267
44.05153881,35.57737986
44.07020109,34.69214981
44.21635838,34.68150692
44.21728127,5.22805483
44.23851956,33.21000376
44.27157702,34.83824095
44.34199752,35.22864191
44.37100724,33.48727404
44.40053004,35.34609433
44.41468616,33.38443686
44.43318823,33.7941927
44.44523032,34.25729322
44.48898224,33.83997822
44.50689544,34.48414303
44.63953203,34.30275724
44.74711223,33.60632296
44.80883757,33.8595095
44.80984269,34.80569126
44.99416318,34.44853941
45.05753982,34.46246429
45.12984009,34.90142755
45.15802988,34.99052173
45.54698942,-1.146616
45.59240477,-0.07026788
45.63933384,0.14928721
45.7254905,0.62003149
45.76430379,0.66619212
45.77612627,0.83639441
45.77879736,0.59872942
45.78904923,0.7310328
45.83361533,0.55475009
45.86354786,-0.09826792
45.86605309,0.05155472
45.86843602,-0.20483281
45.87652863,0.34998693
45.87686725,-0.05506186
45.89629061,0.84305373
45.89710406,0.20447414
45.90568821,0.58511425
45.9288902,-8.26482743
45.95623807,0.81071766
46.03043793,-0.35440174
46.05055276,-0.20375913
46.08992963,0.6960998
46.1677057,-0.43466428
46.24520899,0.0454093
46.24996966,0.34764344
46.27426173,0.41212775
46.28027402,0.44888888
46.32195939,-0.88780527
46.32931778,0.54423073
46.33247456,-0.00612385
46.34456752,-0.07395345
46.36487993,0.28043414
46.48359333,0.53889944
46.49375665,-0.02998093
46.52202093,-0.50170817
46.52790267,-0.59294908
46.53822279,-1.09531292
46.61779921,-0.16450485
46.65785695,1.12582741
46.66954115,0.6871804
46.67052246,1.07429324
46.71022855,-1.16935988
46.74635822,0.13286073
46.77643636,0.61179331
46.7822834,1.16947419
46.80815659,0.41563973
46.81270477,0.51501175
46.81976892,-0.42519776
46.81981337,0.3711517
46.85700935,0.54847788
46.90595193,0.86754055
46.90951543,-0.20797196
47.09691114,0.22745261
47.24439497,-0.36924429
47.2858949,-0.23305522
47.38791717,0.29150886
47.42416379,-1.23956148
47.43162354,-0.00766314
47.46865473,0.95887662
47.48050193,-0.65304299
47.5150186,0.90814623
47.55435051,-0.82033091
47.57147615,0.14433109
47.74566695,-0.88440925
47.81395222,0.07646718
47.8770204,-0.73189347
47.89902315,0.39395409
47.95966897,-0.85056934
48.02306254,-0.60660217
48.05255388,-0.13966111
48.06155196,-0.5201109
48.07089534,-0.22643082
48.08664454,40.14967945
48.18069432,-0.28429863
48.20163714,-0.61241846
48.21104713,0.82359294
48.40013414,0.03828892
48.7442317,19.11640351
48.89910793,-7.89958341
5.10986844,30.06096271
5.12587104,5.59189887
5.16481871,34.35017704
5.2441975,34.24297305
5.29514017,28.31697375
5.37697531,33.49927495
5.42109427,28.25932953
5.65868888,34.14149787
5.69159545,25.63399201
5.70247543,31.71541801
5.78760452,-3.42250422
5.91918568,2.26675701
50.79277063,0.84127473
50.97350594,-6.8890224
51.85148412,17.61998388
53.69724442,-0.1210419
53.72779673,0.29188084
53.7540723,0.15679455
53.82035022,-0.21651041
53.84814575,0.64884517
53.84855005,0.36786172
53.85755506,-0.28913788
53.86897428,0.45759495
53.88259879,-0.52674852
53.89834812,0.52697231
53.96226529,-0.19561166
53.96316873,0.61431418
54.01155292,0.59531708
54.015023,-0.20123831
54.03712402,0.57481823
54.07655188,-0.9449891
54.07932967,-0.98688315
54.1092581,-0.14608572
54.14948913,-0.12636381
54.15034765,-0.5663324
54.15340513,0.92862945
54.15747516,-1.02332337
54.17594531,-0.71147543
54.21457827,-0.86218923
54.22054948,1.12481251
54.22142378,0.86245377
54.24914016,-1.14971779
54.25100428,-0.73183751
54.32459674,-0.75412952
54.3531255,-0.63888575
54.36153839,-1.10292381
54.42961334,0.79654645
54.4698219,-0.84164532
54.50237578,-0.95608674
54.51317233,0.09083635
54.51518979,1.1466276
54.51617209,-1.25493362
54.55236575,-0.06558309
54.61322547,0.4348886
54.63422446,-0.48872749
54.71932962,-0.44883317
54.72800223,1.15604136
54.7395576,-1.24251694
54.76323088,0.40896298
54.77498696,-0.10540629
54.82196619,-0.02449505
54.82994278,0.25778482
54.86100624,0.51912549
54.87295655,-0.59486856
54.89008028,0.11496285
54.93102241,0.49687999
54.94242287,-1.08391689
54.94802113,-0.03084273
54.95096345,-0.53782406
54.97712878,-0.56868147
54.98444984,-1.183849
55.03556961,0.11509602
55.0492566,-1.25163629
55.07254251,-0.39291101
55.14202022,-1.25254965
55.16048161,-0.04501668
55.21765815,-0.28207721
55.25387442,0.95823589
55.27541568,-0.0323256
55.28727301,1.10072215
55.30477238,0.28931469
55.31874161,-0.91336817
55.33052853,-0.320236
55.34116451,-0.37344805
55.36752287,-1.05726991
55.3796258,-0.98982783
55.39162138,0.09233264
55.41404159,-1.11830629
55.45020506,-0.23575363
55.46128218,0.09640139
55.48060409,1.0413969
55.54051635,-1.08588225
55.58345027,0.80602038
55.69254587,1.22732546
55.72970842,0.90339759
55.79729033,0.48129796
55.84116623,10.68737756
55.92819281,0.60574832
56.00236118,0.97204109
56.04216599,-0.40245113
56.04249932,0.89808228
56.08431066,-0.01397441
56.08876136,0.31083566
56.13842806,0.87516019
56.21114179,-0.00795153
56.22930034,0.14373803
56.23141605,0.40424041
56.23230235,-0.75050236
56.28488186,0.26504074
56.32566407,-0.00250755
56.36370635,-0.32316658
56.41697278,0.48120586
56.46807632,-0.0681217
56.53771811,0.06170397
58.0113203,10.74016973
58.04911102,-5.58862711
58.06413881,-6.34647759
58.14591854,-5.74265494
58.15290094,-6.10854075
58.20829995,-5.64901017
58.2130392,-5.53256981
58.29786576,-6.30129593
58.3651515,-5.80862799
58.46801722,-6.91168127
58.47993443,-5.64301357
58.52130572,-6.24250504
58.61917578,-5.34838666
58.6872541,-5.47545806
58.70403774,-5.8567174
58.71410439,-6.57839474
58.73662231,-5.14428589
58.73869823,-7.00880288
58.85844489,-5.86732547
58.86152191,-5.55673096
58.8997375,-5.45165956
58.91462506,-5.64139878
58.93483166,-6.84670281
58.93687828,-6.11193075
59.02119588,-6.12994956
59.06863536,-4.72504498
59.09201495,-5.45975499
59.12760141,-7.13771514
59.15747693,-6.77773002
59.23584552,-5.20320453
59.27700651,-6.15660716
59.29031257,-5.33304839
59.32128066,-5.23997129
59.33087695,-5.76096249
59.40658951,-4.72615761
59.40744025,-6.31494156
59.40852465,-5.10316614
59.44599588,-6.74844117
59.57285575,-5.79421453
59.61422031,-5.8498311
59.66536874,-6.22189125
59.67613519,-6.08887722
59.76364023,-5.38744064
59.86274555,-5.80909815
59.88864044,-4.9567817
59.92093862,-5.40316627
59.92723426,-6.60592061
59.96280828,-6.49787219
6.063203,21.64157144
6.29931824,17.91483005
6.34355279,17.92048802
6.49347764,30.93108518
6.55328395,-4.24272599
6.71373968,0.01245715
6.75675307,18.01018946
6.88656181,31.17558833
60.01656817,-6.5847745
60.02697416,-6.85262169
60.03917338,-5.20995311
60.07342314,-6.91779938
60.07722634,-5.40298081
60.08511333,-5.21927987
60.10844431,-4.58290624
60.14243127,-6.35377546
60.25150693,-6.18977606
60.27721527,-5.60886107
60.30521919,-5.91030312
60.33227345,-6.45223595
60.34646627,-6.91228679
60.36823509,-5.4305093
60.39555606,-6.20641262
60.4012339,-6.71156473
60.40619263,-6.31778131
60.45823006,-5.50422668
60.47848305,-6.01146207
60.49706203,-6.46209662
60.49746387,-6.15819689
60.5725281,-5.10054265
60.59168255,-5.2876568
60.62210942,-5.89420794
60.70652004,-6.45481106
60.72119909,-5.72181522
60.7534043,-6.45717582
60.84506037,-5.80004156
60.8942657,-5.8837998
61.79812051,-5.18181004
62.59726852,14.65916855
62.99009183,14.53922888
63.02305704,14.42798531
63.62003491,16.97377028
64.07976208,16.46805764
64.40269977,15.66215695
64.64046142,27.79183294
64.67504522,27.54051625
64.99603713,27.98603638
65.86434749,5.95495329
66.41268084,26.67213891
67.51615446,26.61193782
69.01066593,26.26418399
69.98907528,21.88092011
69.99186668,21.84964361
7.00503092,22.48937841
7.02364295,29.03376578
7.06493317,28.96818672
7.24981085,35.12530166
7.28754778,34.41187043
7.50442713,32.44473027
7.56946857,10.0037386
7.7356818,16.66166678
7.90346486,25.23837948
7.97300508,4.70735687
70.04628357,22.07793778
70.07202542,22.49495057
70.14415266,22.58336953
70.24121108,21.99586204
70.25327317,21.15222054
70.30542044,21.00579879
70.49752165,21.39762726
70.51099692,21.08381517
70.51484662,22.6334983
70.53151122,22.41455435
70.53930843,22.20377838
70.53982057,22.0240368
70.5638291,21.73568764
70.58092552,21.79824759
70.58408171,25.8745212
70.58633411,22.34861354
70.60928403,22.59710556
70.62668173,21.28714351
70.69138173,21.49746383
70.70327728,21.72265773
70.73983498,25.95633522
70.75439472,21.50693656
70.76953353,21.38951114
70.79406575,21.35531678
70.80544449,21.23336979
70.81156449,21.65620442
70.83349757,20.89081837
70.85315928,20.66717413
70.86712111,21.99150824
70.87245596,22.19489656
70.8808034,20.74159618
70.89928073,22.22567929
70.90114578,21.54022096
70.92061342,21.17242187
71.01409012,20.75437463
71.04806106,22.14306472
71.1375676,21.50413614
71.14610256,20.58503525
71.16038595,22.14264795
71.17412588,22.62243464
71.17501645,20.59641482
71.17765138,20.56904768
71.19124281,20.93501602
71.20162372,21.59391892
71.2272002,22.31862961
71.26763988,10.93770569
71.31462073,22.18932522
71.45829565,21.3949063
71.4846533,21.56597463
71.48583203,21.03344299
71.55480162,21.14613037
71.56952299,22.62940071
71.6141593,21.17836736
71.62192082,21.89676032
71.71781242,21.89023042
71.71959523,22.57953806
71.73955405,22.86955986
71.75569658,22.93370644
71.75709972,10.23940634
71.78615925,20.74765355
71.80298358,23.02306347
71.91041577,21.63650161
71.95882084,23.21323269
71.99318173,10.42946368
72.02822734,21.98058074
72.03969859,22.07710498
72.13294717,21.84486168
72.14015727,22.64029688
72.18763141,10.28570072
72.27662431,21.18944258
72.36717098,21.69456058
72.42191842,21.46222692
72.7634731,21.73906409
72.79949271,21.36428625
72.9095795,21.70282174
72.99679014,21.65665145
73.03423685,21.67204083
73.4735929,25.89684187
76.35394272,-4.1221179
78.15419047,16.33519235
78.93514453,15.87270155
78.93691724,16.64845953
79.39493615,17.85423587
79.4938024,16.87176872
79.90420263,16.84272461
79.99912086,0.9494321
8.12563849,33.29134585
8.21956332,26.49408657
8.30506223,24.84643548
8.31953401,-9.4500941
8.35873172,16.6070352
8.36907883,4.30961445
80.05093782,15.4814326
80.07014585,0.96498109
80.14305433,15.61820077
80.32773323,15.69803112
80.34333205,16.95525281
80.34548568,16.58574266
80.36464237,15.68389021
80.75296598,16.34945411
80.83208637,16.35894633
80.86163478,16.36747086
80.945856,16.52857597
81.83174513,61.49963607
82.60162513,0.48864647
83.29372666,-0.65174291
83.89080735,0.20434924
83.90482088,-0.20281349
84.30991454,-0.82250043
85.32924539,61.6459622
85.47144681,61.86971217
85.68616761,-0.19758493
85.84253321,0.73421751
85.97489415,1.29892121
86.18055204,1.44382158
86.92502421,-0.350848
87.82105338,0.21365448
89.75294239,23.15055821
89.80969111,23.05449488
89.83843526,23.09252085
89.99661897,22.96036277
9.02110093,26.97396233
9.32258974,28.58526484
9.56171652,15.65392711
9.56929406,26.48681202
9.77278536,29.44826286
9.97789276,13.93463375
90.02625396,23.12605325
90.10954787,22.86977264
90.1418459,23.35430892
90.16598901,23.59315324
90.17033858,22.80054178
90.17083165,22.46730588
90.21405204,22.86775513
90.24915937,22.62882333
90.2760444,23.16204632
90.30442447,23.51995957
90.31527421,23.02319093
90.36429715,23.18271383
90.37382134,24.00180333
90.41161252,22.91916893
90.46502268,23.17676621
90.49354323,22.67660714
90.51394671,22.16130509
90.56672317,22.61898769
90.63098013,23.30771924
90.68141685,24.05172829
90.7118525,23.14472851
90.73540165,23.70038449
90.76202019,22.69783538
90.77992821,23.19964743
90.87343165,23.86763963
91.13669648,24.45555727
91.144078,22.4999498
91.4439848,22.22540892
91.45178074,23.2150264
91.65416295,23.35298029
91.78427317,22.52587693
91.8418287,24.62473793
91.90064535,23.39236688
91.95220439,22.91752967
92.01118059,23.08278677
92.01494578,24.39899523
92.09812906,23.02828858
92.12537883,22.83893089
92.1658967,23.00597729
92.17250853,22.70028153
92.17878894,22.82748624
92.18960964,23.99679333
92.24299435,22.45704265
92.25048096,22.74156632
92.47124182,23.69946221
92.57829751,22.64316401
92.6005261,23.72097032
92.63925105,23.72970689
92.71950275,23.72197813
92.81646847,23.7494715
93.64589783,63.38001767
94.30696944,63.63452909
94.30819638,0.12953553
97.49749355,26.00501361
97.58318498,26.9328333
98.12877841,26.07706213
98.30492181,84.1500419
98.50330232,25.46715649
